month,ticker,company,industry,close,return,unemployment_rate,interest_rate
2023-11,ADS.DE,Adidas,Sporting goods,189.80661010742188,14.916273170600114,5.6,4.5
2023-11,AIR.PA,Airbus,Aerospace,130.9259033203125,7.855558806310281,5.6,4.5
2023-11,ALV.DE,Allianz,Insurance,209.86875915527344,4.391135030419169,5.6,4.5
2023-11,BAS.DE,BASF,Chemicals & Pharmaceuticals,37.8194694519043,-1.9524465537992586,5.6,4.5
2023-11,BAYN.DE,Bayer,Chemicals & Pharmaceuticals,31.08465576171875,-22.872603332263786,5.6,4.5
2023-11,BEI.DE,Beiersdorf,Consumer goods,126.6786880493164,3.748478985221171,5.6,4.5
2023-11,BMW.DE,BMW,Automotive industry,85.40716552734375,9.083648621746176,5.6,4.5
2023-11,BNR.DE,Brenntag,Chemicals & Pharmaceuticals,74.08368682861328,13.063315499528372,5.6,4.5
2023-11,CBK.DE,Commerzbank,Banks,10.685253143310547,10.788179838693,5.6,4.5
2023-11,CON.DE,Continental,Automotive industry,66.06874084472656,15.592432839084246,5.6,4.5
2023-11,DTG.DE,Daimler Truck,Automotive industry,27.087303161621094,0.7089777443945788,5.6,4.5
2023-11,DBK.DE,Deutsche Bank,Banks,10.801321029663086,10.33218581816202,5.6,4.5
2023-11,DB1.DE,Deutsche Börse,Stock exchange,168.18618774414062,12.306698949779914,5.6,4.5
2023-11,DHL.DE,Deutsche Post,Logistics,39.05084228515625,17.083793544812732,5.6,4.5
2023-11,DTE.DE,Deutsche Telekom,Telecommunications,20.621747970581055,7.326003180747387,5.6,4.5
2023-11,EOAN.DE,E.ON,Energy,11.04898452758789,6.372556895780024,5.6,4.5
2023-11,FRE.DE,Fresenius,Medical technology,28.41584014892578,20.00824538510968,5.6,4.5
2023-11,FME.DE,Fresenius Medical Care,Hospitals,35.55358123779297,20.146870613811195,5.6,4.5
2023-11,G1A.DE,GEA Group,Mechanical engineering,32.17139434814453,4.623037148361142,5.6,4.5
2023-11,HNR1.DE,Hannover Rück,Insurance,205.5947265625,5.136832672638225,5.6,4.5
2023-11,HEI.DE,Heidelberg Materials,Building materials,71.29637908935547,9.228983760401643,5.6,4.5
2023-11,HEN3.DE,Henkel,Consumer goods,68.30500793457031,6.051701079958627,5.6,4.5
2023-11,IFX.DE,Infineon,Semiconductors,34.85565185546875,29.390353528001345,5.6,4.5
2023-11,MBG.DE,Mercedes-Benz Group,Automotive industry,50.869930267333984,7.486924077028045,5.6,4.5
2023-11,MRK.DE,Merck,Chemicals & Pharmaceuticals,154.92864990234375,12.504362930195988,5.6,4.5
2023-11,MTX.DE,MTU Aero Engines,Aerospace,184.85765075683594,6.073439216794974,5.6,4.5
2023-11,MUV2.DE,Münchener Rück,Insurance,364.4168395996094,3.2496654885812104,5.6,4.5
2023-11,PAH3.DE,Porsche Automobil Holding,Holding company,40.298828125,6.429410357812748,5.6,4.5
2023-11,QIA.DE,Qiagen,Biotechnology,37.36024856567383,7.203870115355837,5.6,4.5
2023-11,RHM.DE,Rheinmetall,Defense technology,271.60919189453125,2.0709996400026576,5.6,4.5
2023-11,RWE.DE,RWE,Energy,36.95393371582031,8.967608542109362,5.6,4.5
2023-11,SAP.DE,SAP,Software,142.37567138671875,14.786178613949374,5.6,4.5
2023-11,G24.DE,Scout24,Online marketplaces,62.23524475097656,10.306790286352442,5.6,4.5
2023-11,SIE.DE,Siemens,Electrical engineering,146.3135223388672,23.23944010435661,5.6,4.5
2023-11,ENR.DE,Siemens Energy,Energy technology,10.880000114440918,29.988055713266924,5.6,4.5
2023-11,SHL.DE,Siemens Healthineers,Hospitals,51.09770584106445,14.29188081353554,5.6,4.5
2023-11,SY1.DE,Symrise,Consumer goods,100.92193603515625,7.276500532407093,5.6,4.5
2023-11,VOW3.DE,Volkswagen,Automotive industry,92.3512954711914,6.601222323654921,5.6,4.5
2023-11,VNA.DE,Vonovia,Real estate,23.699377059936523,17.603689174445748,5.6,4.5
2023-11,ZAL.DE,Zalando,Fashion,21.860000610351562,-0.591173997815786,5.6,4.5
2023-12,ADS.DE,Adidas,Sporting goods,181.92352294921875,-4.1532205615714135,5.7,4.5
2023-12,AIR.PA,Airbus,Aerospace,134.36727905273438,2.628491112261022,5.7,4.5
2023-12,ALV.DE,Allianz,Insurance,220.19834899902344,4.921928297154299,5.7,4.5
2023-12,BAS.DE,BASF,Chemicals & Pharmaceuticals,43.2197151184082,14.279009580955382,5.7,4.5
2023-12,BAYN.DE,Bayer,Chemicals & Pharmaceuticals,33.3347282409668,7.238531114824331,5.7,4.5
2023-12,BEI.DE,Beiersdorf,Consumer goods,133.56875610351562,5.439011218301304,5.7,4.5
2023-12,BMW.DE,BMW,Automotive industry,90.04430389404297,5.4294488501841265,5.7,4.5
2023-12,BNR.DE,Brenntag,Chemicals & Pharmaceuticals,77.76544189453125,4.969724406987752,5.7,4.5
2023-12,CBK.DE,Commerzbank,Banks,10.224394798278809,-4.3130316039377785,5.7,4.5
2023-12,CON.DE,Continental,Automotive industry,71.55741882324219,8.307526234554707,5.7,4.5
2023-12,DTG.DE,Daimler Truck,Automotive industry,30.89205551147461,14.046257492493064,5.7,4.5
2023-12,DBK.DE,Deutsche Bank,Banks,11.68803882598877,8.209345818817336,5.7,4.5
2023-12,DB1.DE,Deutsche Börse,Stock exchange,179.958251953125,6.999423892580925,5.7,4.5
2023-12,DHL.DE,Deutsche Post,Logistics,40.6976203918457,4.2170104671863,5.7,4.5
2023-12,DTE.DE,Deutsche Telekom,Telecommunications,20.41060447692871,-1.0238874704198708,5.7,4.5
2023-12,EOAN.DE,E.ON,Energy,11.248022079467773,1.8014103593222641,5.7,4.5
2023-12,FRE.DE,Fresenius,Medical technology,27.419479370117188,-3.5063569248233506,5.7,4.5
2023-12,FME.DE,Fresenius Medical Care,Hospitals,35.86537170410156,0.8769593820190602,5.7,4.5
2023-12,G1A.DE,GEA Group,Mechanical engineering,35.95906448364258,11.773409925940935,5.7,4.5
2023-12,HNR1.DE,Hannover Rück,Insurance,203.0599822998047,-1.2328838901053962,5.7,4.5
2023-12,HEI.DE,Heidelberg Materials,Building materials,77.14877319335938,8.208543237054332,5.7,4.5
2023-12,HEN3.DE,Henkel,Consumer goods,68.92939758300781,0.9141198681004603,5.7,4.5
2023-12,IFX.DE,Infineon,Semiconductors,37.061702728271484,6.329105196340246,5.7,4.5
2023-12,MBG.DE,Mercedes-Benz Group,Automotive industry,53.40574264526367,4.9848945430107205,5.7,4.5
2023-12,MRK.DE,Merck,Chemicals & Pharmaceuticals,139.40194702148438,-10.021840951074147,5.7,4.5
2023-12,MTX.DE,MTU Aero Engines,Aerospace,192.2421112060547,3.9946739661494313,5.7,4.5
2023-12,MUV2.DE,Münchener Rück,Insurance,349.77679443359375,-4.017389861045084,5.7,4.5
2023-12,PAH3.DE,Porsche Automobil Holding,Holding company,41.610382080078125,3.2545709542965096,5.7,4.5
2023-12,QIA.DE,Qiagen,Biotechnology,39.09678268432617,4.648079671096861,5.7,4.5
2023-12,RHM.DE,Rheinmetall,Defense technology,282.4342041015625,3.9855102588850277,5.7,4.5
2023-12,RWE.DE,RWE,Energy,38.65285873413086,4.597413177648324,5.7,4.5
2023-12,SAP.DE,SAP,Software,136.5037078857422,-4.1242744942197485,5.7,4.5
2023-12,G24.DE,Scout24,Online marketplaces,62.390838623046875,0.2500092555157263,5.7,4.5
2023-12,SIE.DE,Siemens,Electrical engineering,161.43890380859375,10.337651112448555,5.7,4.5
2023-12,ENR.DE,Siemens Energy,Energy technology,12.0,10.294116486933834,5.7,4.5
2023-12,SHL.DE,Siemens Healthineers,Hospitals,50.76953887939453,-0.6422342378553325,5.7,4.5
2023-12,SY1.DE,Symrise,Consumer goods,97.4405288696289,-3.449604022969388,5.7,4.5
2023-12,VOW3.DE,Volkswagen,Automotive industry,97.02006530761719,5.055445960562821,5.7,4.5
2023-12,VNA.DE,Vonovia,Real estate,26.50392723083496,11.833856070586313,5.7,4.5
2023-12,ZAL.DE,Zalando,Fashion,21.450000762939453,-1.8755710702860529,5.7,4.5
2024-01,ADS.DE,Adidas,Sporting goods,173.9811553955078,-4.365772729636475,6.1,4.5
2024-01,AIR.PA,Airbus,Aerospace,142.07672119140625,5.737588937591109,6.1,4.5
2024-01,ALV.DE,Allianz,Insurance,225.52244567871094,2.4178640320827727,6.1,4.5
2024-01,BAS.DE,BASF,Chemicals & Pharmaceuticals,39.39213562011719,-8.856096084401921,6.1,4.5
2024-01,BAYN.DE,Bayer,Chemicals & Pharmaceuticals,28.646255493164062,-14.064829669260137,6.1,4.5
2024-01,BEI.DE,Beiersdorf,Consumer goods,133.71640014648438,0.11053785875967392,6.1,4.5
2024-01,BMW.DE,BMW,Automotive industry,86.47039794921875,-3.9690527776523266,6.1,4.5
2024-01,BNR.DE,Brenntag,Chemicals & Pharmaceuticals,76.86836242675781,-1.1535708483340068,6.1,4.5
2024-01,CBK.DE,Commerzbank,Banks,10.148377418518066,-0.7434902628519313,6.1,4.5
2024-01,CON.DE,Continental,Automotive industry,70.88761901855469,-0.9360312539249183,6.1,4.5
2024-01,DTG.DE,Daimler Truck,Automotive industry,30.20193099975586,-2.2339870244710958,6.1,4.5
2024-01,DBK.DE,Deutsche Bank,Banks,11.376080513000488,-2.669038986203831,6.1,4.5
2024-01,DB1.DE,Deutsche Börse,Stock exchange,178.26963806152344,-0.9383364604149458,6.1,4.5
2024-01,DHL.DE,Deutsche Post,Logistics,40.39366912841797,-0.7468526673088616,6.1,4.5
2024-01,DTE.DE,Deutsche Telekom,Telecommunications,21.344331741333008,4.574716370893106,6.1,4.5
2024-01,EOAN.DE,E.ON,Energy,11.627586364746094,3.374498045938057,6.1,4.5
2024-01,FRE.DE,Fresenius,Medical technology,25.514671325683594,-6.9469154345415,6.1,4.5
2024-01,FME.DE,Fresenius Medical Care,Hospitals,34.01352310180664,-5.163333082320031,6.1,4.5
2024-01,G1A.DE,GEA Group,Mechanical engineering,35.49156951904297,-1.3000754366462086,6.1,4.5
2024-01,HNR1.DE,Hannover Rück,Insurance,208.59884643554688,2.727698521890165,6.1,4.5
2024-01,HEI.DE,Heidelberg Materials,Building materials,81.85738372802734,6.103286338548375,6.1,4.5
2024-01,HEN3.DE,Henkel,Consumer goods,67.26434326171875,-2.4155938970508606,6.1,4.5
2024-01,IFX.DE,Infineon,Semiconductors,33.08590316772461,-10.727514571299091,6.1,4.5
2024-01,MBG.DE,Mercedes-Benz Group,Automotive industry,53.66188049316406,0.4796073141454693,6.1,4.5
2024-01,MRK.DE,Merck,Chemicals & Pharmaceuticals,147.4313201904297,5.759871609044187,6.1,4.5
2024-01,MTX.DE,MTU Aero Engines,Aerospace,210.40786743164062,9.449415693377915,6.1,4.5
2024-01,MUV2.DE,Münchener Rück,Insurance,367.5873107910156,5.091966259872405,6.1,4.5
2024-01,PAH3.DE,Porsche Automobil Holding,Holding company,41.7720832824707,0.38860782888603396,6.1,4.5
2024-01,QIA.DE,Qiagen,Biotechnology,40.11902618408203,2.6146486477151454,6.1,4.5
2024-01,RHM.DE,Rheinmetall,Defense technology,319.63287353515625,13.170738137728243,6.1,4.5
2024-01,RWE.DE,RWE,Energy,32.22323226928711,-16.634284436939527,6.1,4.5
2024-01,SAP.DE,SAP,Software,157.3687744140625,15.285347813251349,6.1,4.5
2024-01,G24.DE,Scout24,Online marketplaces,66.53337097167969,6.639648448486435,6.1,4.5
2024-01,SIE.DE,Siemens,Electrical engineering,158.36062622070312,-1.9067755759419103,6.1,4.5
2024-01,ENR.DE,Siemens Energy,Energy technology,13.96500015258789,16.375001271565747,6.1,4.5
2024-01,SHL.DE,Siemens Healthineers,Hospitals,50.055294036865234,-1.4068373640856224,6.1,4.5
2024-01,SY1.DE,Symrise,Consumer goods,93.82220458984375,-3.7133668318101165,6.1,4.5
2024-01,VOW3.DE,Volkswagen,Automotive industry,103.99717712402344,7.191411172816919,6.1,4.5
2024-01,VNA.DE,Vonovia,Real estate,26.977542877197266,1.7869640307919932,6.1,4.5
2024-01,ZAL.DE,Zalando,Fashion,18.68000030517578,-12.913754588529336,6.1,4.5
2024-02,ADS.DE,Adidas,Sporting goods,184.84756469726562,6.245739245181703,6.1,4.5
2024-02,AIR.PA,Airbus,Aerospace,147.01768493652344,3.477672980966884,6.1,4.5
2024-02,ALV.DE,Allianz,Insurance,231.02854919433594,2.4414880297410457,6.1,4.5
2024-02,BAS.DE,BASF,Chemicals & Pharmaceuticals,41.70906448364258,5.881704119494757,6.1,4.5
2024-02,BAYN.DE,Bayer,Chemicals & Pharmaceuticals,27.843366622924805,-2.8027707510702493,6.1,4.5
2024-02,BEI.DE,Beiersdorf,Consumer goods,130.46823120117188,-2.4291477647873982,6.1,4.5
2024-02,BMW.DE,BMW,Automotive industry,97.5852279663086,12.853913339935396,6.1,4.5
2024-02,BNR.DE,Brenntag,Chemicals & Pharmaceuticals,78.84940338134766,2.577186363866457,6.1,4.5
2024-02,CBK.DE,Commerzbank,Banks,10.162630081176758,0.1404427729765345,6.1,4.5
2024-02,CON.DE,Continental,Automotive industry,68.91542053222656,-2.7821480163015555,6.1,4.5
2024-02,DTG.DE,Daimler Truck,Automotive industry,34.30634307861328,13.589899529571792,6.1,4.5
2024-02,DBK.DE,Deutsche Bank,Banks,11.686148643493652,2.7256147680989162,6.1,4.5
2024-02,DB1.DE,Deutsche Börse,Stock exchange,186.80921936035156,4.790261197412082,6.1,4.5
2024-02,DHL.DE,Deutsche Post,Logistics,38.932891845703125,-3.616352052770444,6.1,4.5
2024-02,DTE.DE,Deutsche Telekom,Telecommunications,20.631132125854492,-3.34140053725559,6.1,4.5
2024-02,EOAN.DE,E.ON,Energy,10.933263778686523,-5.971338885640964,6.1,4.5
2024-02,FRE.DE,Fresenius,Medical technology,25.280231475830078,-0.9188433072916946,6.1,4.5
2024-02,FME.DE,Fresenius Medical Care,Hospitals,33.427738189697266,-1.7222118107437678,6.1,4.5
2024-02,G1A.DE,GEA Group,Mechanical engineering,35.558353424072266,0.18816836204853526,6.1,4.5
2024-02,HNR1.DE,Hannover Rück,Insurance,222.77455139160156,6.795677540064782,6.1,4.5
2024-02,HEI.DE,Heidelberg Materials,Building materials,85.49845123291016,4.448062397132468,6.1,4.5
2024-02,HEN3.DE,Henkel,Consumer goods,65.80742645263672,-2.1659570857821553,6.1,4.5
2024-02,IFX.DE,Infineon,Semiconductors,32.79538345336914,-0.8780770253806192,6.1,4.5
2024-02,MBG.DE,Mercedes-Benz Group,Automotive industry,62.87447738647461,17.167860702317594,6.1,4.5
2024-02,MRK.DE,Merck,Chemicals & Pharmaceuticals,152.65528869628906,3.5433234261972535,6.1,4.5
2024-02,MTX.DE,MTU Aero Engines,Aerospace,218.8754119873047,4.02434788158057,6.1,4.5
2024-02,MUV2.DE,Münchener Rück,Insurance,401.3434143066406,9.183152553058704,6.1,4.5
2024-02,PAH3.DE,Porsche Automobil Holding,Holding company,44.359256744384766,6.193546643147063,6.1,4.5
2024-02,QIA.DE,Qiagen,Biotechnology,39.35447311401367,-1.9057119346822748,6.1,4.5
2024-02,RHM.DE,Rheinmetall,Defense technology,417.2547607421875,30.54187954052663,6.1,4.5
2024-02,RWE.DE,RWE,Energy,29.097585678100586,-9.69997846605124,6.1,4.5
2024-02,SAP.DE,SAP,Software,169.19100952148438,7.512440222935002,6.1,4.5
2024-02,G24.DE,Scout24,Online marketplaces,65.34700012207031,-1.7831215107293463,6.1,4.5
2024-02,SIE.DE,Siemens,Electrical engineering,178.75759887695312,12.880078301675368,6.1,4.5
2024-02,ENR.DE,Siemens Energy,Energy technology,14.204999923706055,1.7185805119643183,6.1,4.5
2024-02,SHL.DE,Siemens Healthineers,Hospitals,53.56861877441406,7.018887422699582,6.1,4.5
2024-02,SY1.DE,Symrise,Consumer goods,92.47266387939453,-1.438402259197502,6.1,4.5
2024-02,VOW3.DE,Volkswagen,Automotive industry,108.77008056640625,4.589454804807658,6.1,4.5
2024-02,VNA.DE,Vonovia,Real estate,23.959400177001953,-11.187611540213304,6.1,4.5
2024-02,ZAL.DE,Zalando,Fashion,19.520000457763672,4.496788751952785,6.1,4.5
2024-03,ADS.DE,Adidas,Sporting goods,204.48614501953125,10.624202896277657,6.0,4.5
2024-03,AIR.PA,Airbus,Aerospace,164.10919189453125,11.625476870614083,6.0,4.5
2024-03,ALV.DE,Allianz,Insurance,252.8253936767578,9.434697381961588,6.0,4.5
2024-03,BAS.DE,BASF,Chemicals & Pharmaceuticals,46.89666748046875,12.437591351061439,6.0,4.5
2024-03,BAYN.DE,Bayer,Chemicals & Pharmaceuticals,28.180381774902344,1.210396560666105,6.0,4.5
2024-03,BEI.DE,Beiersdorf,Consumer goods,132.83053588867188,1.8106359423678553,6.0,4.5
2024-03,BMW.DE,BMW,Automotive industry,95.56597137451172,-2.069223625213057,6.0,4.5
2024-03,BNR.DE,Brenntag,Chemicals & Pharmaceuticals,72.96234130859375,-7.466210041288058,6.0,4.5
2024-03,CBK.DE,Commerzbank,Banks,12.096333503723145,19.0275884008412,6.0,4.5
2024-03,CON.DE,Continental,Automotive industry,62.23598098754883,-9.692227796178454,6.0,4.5
2024-03,DTG.DE,Daimler Truck,Automotive industry,42.642295837402344,24.298575746436036,6.0,4.5
2024-03,DBK.DE,Deutsche Bank,Banks,13.78477668762207,17.958252185135805,6.0,4.5
2024-03,DB1.DE,Deutsche Börse,Stock exchange,182.9977569580078,-2.0402967344944067,6.0,4.5
2024-03,DHL.DE,Deutsche Post,Logistics,36.215484619140625,-6.9797209961489415,6.0,4.5
2024-03,DTE.DE,Deutsche Telekom,Telecommunications,21.114418029785156,2.3425079195000587,6.0,4.5
2024-03,EOAN.DE,E.ON,Energy,11.928459167480469,9.1024547558616,6.0,4.5
2024-03,FRE.DE,Fresenius,Medical technology,24.420625686645508,-3.400308221095294,6.0,4.5
2024-03,FME.DE,Fresenius Medical Care,Hospitals,33.682838439941406,0.7631394286878868,6.0,4.5
2024-03,G1A.DE,GEA Group,Mechanical engineering,37.390174865722656,5.15159242556571,6.0,4.5
2024-03,HNR1.DE,Hannover Rück,Insurance,238.17068481445312,6.911082673795921,6.0,4.5
2024-03,HEI.DE,Heidelberg Materials,Building materials,97.1746597290039,13.656631585391033,6.0,4.5
2024-03,HEN3.DE,Henkel,Consumer goods,70.48092651367188,7.1017821436898165,6.0,4.5
2024-03,IFX.DE,Infineon,Semiconductors,31.229684829711914,-4.774143366499894,6.0,4.5
2024-03,MBG.DE,Mercedes-Benz Group,Automotive industry,63.019622802734375,0.23084949934071286,6.0,4.5
2024-03,MRK.DE,Merck,Chemicals & Pharmaceuticals,158.26620483398438,3.6755465111060426,6.0,4.5
2024-03,MTX.DE,MTU Aero Engines,Aerospace,231.57666015625,5.802957972127998,6.0,4.5
2024-03,MUV2.DE,Münchener Rück,Insurance,421.76495361328125,5.088295603883464,6.0,4.5
2024-03,PAH3.DE,Porsche Automobil Holding,Holding company,44.12569046020508,-0.52653335813444,6.0,4.5
2024-03,QIA.DE,Qiagen,Biotechnology,39.35447311401367,0.0,6.0,4.5
2024-03,RHM.DE,Rheinmetall,Defense technology,512.7116088867188,22.877353867631946,6.0,4.5
2024-03,RWE.DE,RWE,Energy,29.529354095458984,1.483863376621497,6.0,4.5
2024-03,SAP.DE,SAP,Software,176.60926818847656,4.384546606804296,6.0,4.5
2024-03,G24.DE,Scout24,Online marketplaces,67.93366241455078,3.958348948916557,6.0,4.5
2024-03,SIE.DE,Siemens,Electrical engineering,172.914306640625,-3.2688357155380654,6.0,4.5
2024-03,ENR.DE,Siemens Energy,Energy technology,17.0049991607666,19.71136397113076,6.0,4.5
2024-03,SHL.DE,Siemens Healthineers,Hospitals,54.74616622924805,2.1982038771483525,6.0,4.5
2024-03,SY1.DE,Symrise,Consumer goods,108.50086212158203,17.332904200847853,6.0,4.5
2024-03,VOW3.DE,Volkswagen,Automotive industry,106.60057830810547,-1.994576309039564,6.0,4.5
2024-03,VNA.DE,Vonovia,Real estate,25.445255279541016,6.2015538434275985,6.0,4.5
2024-03,ZAL.DE,Zalando,Fashion,26.489999771118164,35.70696285809933,6.0,4.5
2024-04,ADS.DE,Adidas,Sporting goods,223.65054321289062,9.37197881623173,6.0,4.5
2024-04,AIR.PA,Airbus,Aerospace,151.27943420410156,-7.817817845739583,6.0,4.5
2024-04,ALV.DE,Allianz,Insurance,242.63230895996094,-4.031669670740801,6.0,4.5
2024-04,BAS.DE,BASF,Chemicals & Pharmaceuticals,46.663475036621094,-0.4972473661263299,6.0,4.5
2024-04,BAYN.DE,Bayer,Chemicals & Pharmaceuticals,27.219139099121094,-3.411034965599158,6.0,4.5
2024-04,BEI.DE,Beiersdorf,Consumer goods,139.37039184570312,4.923458234417155,6.0,4.5
2024-04,BMW.DE,BMW,Automotive industry,91.53639221191406,-4.216541834547172,6.0,4.5
2024-04,BNR.DE,Brenntag,Chemicals & Pharmaceuticals,69.9533920288086,-4.12397577410355,6.0,4.5
2024-04,CBK.DE,Commerzbank,Banks,13.265107154846191,9.662214180547423,6.0,4.5
2024-04,CON.DE,Continental,Automotive industry,58.663414001464844,-5.740356188486406,6.0,4.5
2024-04,DTG.DE,Daimler Truck,Automotive industry,38.419837951660156,-9.902041629847213,6.0,4.5
2024-04,DBK.DE,Deutsche Bank,Banks,14.189376831054688,2.9351229446895832,6.0,4.5
2024-04,DB1.DE,Deutsche Börse,Stock exchange,174.79591369628906,-4.481936499145622,6.0,4.5
2024-04,DHL.DE,Deutsche Post,Logistics,35.62118911743164,-1.6409983407895234,6.0,4.5
2024-04,DTE.DE,Deutsche Telekom,Telecommunications,20.87794303894043,-1.1199692575525555,6.0,4.5
2024-04,EOAN.DE,E.ON,Energy,11.479463577270508,-3.7640703120652708,6.0,4.5
2024-04,FRE.DE,Fresenius,Medical technology,27.321796417236328,11.880001633935745,6.0,4.5
2024-04,FME.DE,Fresenius Medical Care,Hospitals,37.41487503051758,11.079934956285298,6.0,4.5
2024-04,G1A.DE,GEA Group,Mechanical engineering,36.159423828125,-3.2916429035638073,6.0,4.5
2024-04,HNR1.DE,Hannover Rück,Insurance,218.1744842529297,-8.395743824266821,6.0,4.5
2024-04,HEI.DE,Heidelberg Materials,Building materials,90.20706176757812,-7.170179942854126,6.0,4.5
2024-04,HEN3.DE,Henkel,Consumer goods,72.2483139038086,2.507610892138157,6.0,4.5
2024-04,IFX.DE,Infineon,Semiconductors,32.42377853393555,3.823585510820049,6.0,4.5
2024-04,MBG.DE,Mercedes-Benz Group,Automotive industry,60.56919860839844,-3.8883510966200463,6.0,4.5
2024-04,MRK.DE,Merck,Chemicals & Pharmaceuticals,146.2135467529297,-7.615433815259232,6.0,4.5
2024-04,MTX.DE,MTU Aero Engines,Aerospace,223.10916137695312,-3.6564560407701063,6.0,4.5
2024-04,MUV2.DE,Münchener Rück,Insurance,398.4965515136719,-5.51691218065129,6.0,4.5
2024-04,PAH3.DE,Porsche Automobil Holding,Holding company,43.05668640136719,-2.4226341790662187,6.0,4.5
2024-04,QIA.DE,Qiagen,Biotechnology,38.803401947021484,-1.4002758095520207,6.0,4.5
2024-04,RHM.DE,Rheinmetall,Defense technology,508.9720764160156,-0.7293637214150439,6.0,4.5
2024-04,RWE.DE,RWE,Energy,30.62755584716797,3.719017179173134,6.0,4.5
2024-04,SAP.DE,SAP,Software,166.07884216308594,-5.962555721680818,6.0,4.5
2024-04,G24.DE,Scout24,Online marketplaces,67.19461822509766,-1.0878909853899277,6.0,4.5
2024-04,SIE.DE,Siemens,Electrical engineering,171.8785400390625,-0.5990057281467065,6.0,4.5
2024-04,ENR.DE,Siemens Energy,Energy technology,19.299999237060547,13.496031693955612,6.0,4.5
2024-04,SHL.DE,Siemens Healthineers,Hospitals,51.23801803588867,-6.408025319378718,6.0,4.5
2024-04,SY1.DE,Symrise,Consumer goods,98.47712707519531,-9.2383920739307,6.0,4.5
2024-04,VOW3.DE,Volkswagen,Automotive industry,99.92720031738281,-6.260170532503794,6.0,4.5
2024-04,VNA.DE,Vonovia,Real estate,25.240951538085938,-0.8029148822073173,6.0,4.5
2024-04,ZAL.DE,Zalando,Fashion,24.65999984741211,-6.9082670423473935,6.0,4.5
2024-05,ADS.DE,Adidas,Sporting goods,229.38583374023438,2.5643982102401486,5.8,4.5
2024-05,AIR.PA,Airbus,Aerospace,152.4726104736328,0.7887233818718808,5.8,4.5
2024-05,ALV.DE,Allianz,Insurance,257.2048645019531,6.006024343772354,5.8,4.5
2024-05,BAS.DE,BASF,Chemicals & Pharmaceuticals,45.95623779296875,-1.5156120351030644,5.8,4.5
2024-05,BAYN.DE,Bayer,Chemicals & Pharmaceuticals,28.10487937927246,3.2541083570860163,5.8,4.5
2024-05,BEI.DE,Beiersdorf,Consumer goods,143.1385040283203,2.7036676389550873,5.8,4.5
2024-05,BMW.DE,BMW,Automotive industry,88.408935546875,-3.4166265345030755,5.8,4.5
2024-05,BNR.DE,Brenntag,Chemicals & Pharmaceuticals,63.641868591308594,-9.02246946781473,5.8,4.5
2024-05,CBK.DE,Commerzbank,Banks,15.146198272705078,14.180745740690526,5.8,4.5
2024-05,CON.DE,Continental,Automotive industry,60.013328552246094,2.3011182928213803,5.8,4.5
2024-05,DTG.DE,Daimler Truck,Automotive industry,37.29252624511719,-2.9341917265797712,5.8,4.5
2024-05,DBK.DE,Deutsche Bank,Banks,14.813994407653809,4.402008516907463,5.8,4.5
2024-05,DB1.DE,Deutsche Börse,Stock exchange,180.28526306152344,3.1404334627479935,5.8,4.5
2024-05,DHL.DE,Deutsche Post,Logistics,36.786739349365234,3.272069969621594,5.8,4.5
2024-05,DTE.DE,Deutsche Telekom,Telecommunications,21.65515899658203,3.722665380358503,5.8,4.5
2024-05,EOAN.DE,E.ON,Energy,11.836532592773438,3.110502621480782,5.8,4.5
2024-05,FRE.DE,Fresenius,Medical technology,28.601438522338867,4.68359431993739,5.8,4.5
2024-05,FME.DE,Fresenius Medical Care,Hospitals,38.10493850708008,1.8443559573555923,5.8,4.5
2024-05,G1A.DE,GEA Group,Mechanical engineering,37.51172637939453,3.7398343449756677,5.8,4.5
2024-05,HNR1.DE,Hannover Rück,Insurance,221.06874084472656,1.3265788626508401,5.8,4.5
2024-05,HEI.DE,Heidelberg Materials,Building materials,94.05880737304688,4.2698936535511045,5.8,4.5
2024-05,HEN3.DE,Henkel,Consumer goods,80.65109252929688,11.630414844941207,5.8,4.5
2024-05,IFX.DE,Infineon,Semiconductors,36.49161148071289,12.545832505362831,5.8,4.5
2024-05,MBG.DE,Mercedes-Benz Group,Automotive industry,61.11161422729492,0.895530453363591,5.8,4.5
2024-05,MRK.DE,Merck,Chemicals & Pharmaceuticals,163.44113159179688,11.782482007620132,5.8,4.5
2024-05,MTX.DE,MTU Aero Engines,Aerospace,226.96034240722656,1.7261420402933103,5.8,4.5
2024-05,MUV2.DE,Münchener Rück,Insurance,442.67724609375,11.086844895460125,5.8,4.5
2024-05,PAH3.DE,Porsche Automobil Holding,Holding company,45.38334655761719,5.403713919276698,5.8,4.5
2024-05,QIA.DE,Qiagen,Biotechnology,39.09135055541992,0.7420705246194093,5.8,4.5
2024-05,RHM.DE,Rheinmetall,Defense technology,525.14208984375,3.176994215792228,5.8,4.5
2024-05,RWE.DE,RWE,Energy,33.71941375732422,10.095020071417625,5.8,4.5
2024-05,SAP.DE,SAP,Software,164.47341918945312,-0.9666631539111514,5.8,4.5
2024-05,G24.DE,Scout24,Online marketplaces,67.29185485839844,0.1447089601358309,5.8,4.5
2024-05,SIE.DE,Siemens,Electrical engineering,172.2303009033203,0.20465665124795862,5.8,4.5
2024-05,ENR.DE,Siemens Energy,Energy technology,24.81999969482422,28.601039771877133,5.8,4.5
2024-05,SHL.DE,Siemens Healthineers,Hospitals,52.49684143066406,2.456815159972958,5.8,4.5
2024-05,SY1.DE,Symrise,Consumer goods,108.09968566894531,9.771364051270904,5.8,4.5
2024-05,VOW3.DE,Volkswagen,Automotive industry,107.888671875,7.967271706132495,5.8,4.5
2024-05,VNA.DE,Vonovia,Real estate,27.61216926574707,9.394327801324032,5.8,4.5
2024-05,ZAL.DE,Zalando,Fashion,24.25,-1.6626109081470108,5.8,4.5
2024-06,ADS.DE,Adidas,Sporting goods,220.96347045898438,-3.671701579787978,5.8,4.25
2024-06,AIR.PA,Airbus,Aerospace,125.44026947021484,-17.72930949332221,5.8,4.25
2024-06,ALV.DE,Allianz,Insurance,248.768798828125,-3.2799012919773385,5.8,4.25
2024-06,BAS.DE,BASF,Chemicals & Pharmaceuticals,42.89470672607422,-6.661840076393155,5.8,4.25
2024-06,BAYN.DE,Bayer,Chemicals & Pharmaceuticals,26.2537784576416,-6.586404078275676,5.8,4.25
2024-06,BEI.DE,Beiersdorf,Consumer goods,135.40396118164062,-5.403537573055384,5.8,4.25
2024-06,BMW.DE,BMW,Automotive industry,83.85470581054688,-5.151322893050148,5.8,4.25
2024-06,BNR.DE,Brenntag,Chemicals & Pharmaceuticals,60.7288818359375,-4.577154662251559,5.8,4.25
2024-06,CBK.DE,Commerzbank,Banks,13.825535774230957,-8.719432260794335,5.8,4.25
2024-06,CON.DE,Continental,Automotive industry,51.00747299194336,-15.00642570168802,5.8,4.25
2024-06,DTG.DE,Daimler Truck,Automotive industry,35.388389587402344,-5.105947087626328,5.8,4.25
2024-06,DBK.DE,Deutsche Bank,Banks,14.504599571228027,-2.0885308034538586,5.8,4.25
2024-06,DB1.DE,Deutsche Börse,Stock exchange,188.36805725097656,4.483336048767783,5.8,4.25
2024-06,DHL.DE,Deutsche Post,Logistics,35.95889663696289,-2.2503834997178895,5.8,4.25
2024-06,DTE.DE,Deutsche Telekom,Telecommunications,22.81126594543457,5.33871374038406,5.8,4.25
2024-06,EOAN.DE,E.ON,Energy,11.8124361038208,-0.20357726186931435,5.8,4.25
2024-06,FRE.DE,Fresenius,Medical technology,27.2338809967041,-4.781429173804142,5.8,4.25
2024-06,FME.DE,Fresenius Medical Care,Hospitals,34.778778076171875,-8.728948428273108,5.8,4.25
2024-06,G1A.DE,GEA Group,Mechanical engineering,38.119285583496094,1.6196514070205614,5.8,4.25
2024-06,HNR1.DE,Hannover Rück,Insurance,229.30311584472656,3.7248029588152543,5.8,4.25
2024-06,HEI.DE,Heidelberg Materials,Building materials,95.13971710205078,1.149185024977939,5.8,4.25
2024-06,HEN3.DE,Henkel,Consumer goods,80.74812316894531,0.12030914474367993,5.8,4.25
2024-06,IFX.DE,Infineon,Semiconductors,33.99442672729492,-6.843174779326533,5.8,4.25
2024-06,MBG.DE,Mercedes-Benz Group,Automotive industry,59.42736053466797,-2.756028807163624,5.8,4.25
2024-06,MRK.DE,Merck,Chemicals & Pharmaceuticals,151.90699768066406,-7.057057057057059,5.8,4.25
2024-06,MTX.DE,MTU Aero Engines,Aerospace,237.19093322753906,4.5076557039890774,5.8,4.25
2024-06,MUV2.DE,Münchener Rück,Insurance,451.4747314453125,1.9873362430964825,5.8,4.25
2024-06,PAH3.DE,Porsche Automobil Holding,Holding company,39.99999237060547,-11.861959496920726,5.8,4.25
2024-06,QIA.DE,Qiagen,Biotechnology,38.27715301513672,-2.0828073952802284,5.8,4.25
2024-06,RHM.DE,Rheinmetall,Defense technology,473.30450439453125,-9.871154198407982,5.8,4.25
2024-06,RWE.DE,RWE,Energy,30.9223690032959,-8.295057482785484,5.8,4.25
2024-06,SAP.DE,SAP,Software,187.82237243652344,14.196186448933235,5.8,4.25
2024-06,G24.DE,Scout24,Online marketplaces,70.41940307617188,4.647736675344594,5.8,4.25
2024-06,SIE.DE,Siemens,Electrical engineering,169.74838256835938,-1.4410462746355712,5.8,4.25
2024-06,ENR.DE,Siemens Energy,Energy technology,24.309999465942383,-2.054795467979753,5.8,4.25
2024-06,SHL.DE,Siemens Healthineers,Hospitals,52.90989303588867,0.7868122994983517,5.8,4.25
2024-06,SY1.DE,Symrise,Consumer goods,112.99309539794922,4.52675666790554,5.8,4.25
2024-06,VOW3.DE,Volkswagen,Automotive industry,98.88231658935547,-8.347822926283966,5.8,4.25
2024-06,VNA.DE,Vonovia,Real estate,25.45496940612793,-7.812496869976638,5.8,4.25
2024-06,ZAL.DE,Zalando,Fashion,21.889999389648438,-9.731961279800261,5.8,4.25
2024-07,ADS.DE,Adidas,Sporting goods,229.1876678466797,3.7219714962894335,6.0,4.25
2024-07,AIR.PA,Airbus,Aerospace,136.883056640625,9.122100278274026,6.0,4.25
2024-07,ALV.DE,Allianz,Insurance,250.0150146484375,0.5009534259051263,6.0,4.25
2024-07,BAS.DE,BASF,Chemicals & Pharmaceuticals,40.91538619995117,-4.614370110426435,6.0,4.25
2024-07,BAYN.DE,Bayer,Chemicals & Pharmaceuticals,27.363445281982422,4.226693792404701,6.0,4.25
2024-07,BEI.DE,Beiersdorf,Consumer goods,133.0736846923828,-1.720981032550306,6.0,4.25
2024-07,BMW.DE,BMW,Automotive industry,81.42578887939453,-2.896577965033953,6.0,4.25
2024-07,BNR.DE,Brenntag,Chemicals & Pharmaceuticals,63.48753356933594,4.542569614324687,6.0,4.25
2024-07,CBK.DE,Commerzbank,Banks,14.707602500915527,6.3799822378574955,6.0,4.25
2024-07,CON.DE,Continental,Automotive industry,54.67152404785156,7.183361262548615,6.0,4.25
2024-07,DTG.DE,Daimler Truck,Automotive industry,34.02693557739258,-3.8471770710199804,6.0,4.25
2024-07,DBK.DE,Deutsche Bank,Banks,14.045372009277344,-3.166082315444463,6.0,4.25
2024-07,DB1.DE,Deutsche Börse,Stock exchange,186.6923370361328,-0.8895989263248971,6.0,4.25
2024-07,DHL.DE,Deutsche Post,Logistics,39.251243591308594,9.155862004290283,6.0,4.25
2024-07,DTE.DE,Deutsche Telekom,Telecommunications,23.48161506652832,2.9386756644600665,6.0,4.25
2024-07,EOAN.DE,E.ON,Energy,12.496795654296875,5.79355134251025,6.0,4.25
2024-07,FRE.DE,Fresenius,Medical technology,32.42082214355469,19.04591250684513,6.0,4.25
2024-07,FME.DE,Fresenius Medical Care,Hospitals,34.89548873901367,0.33558011321208614,6.0,4.25
2024-07,G1A.DE,GEA Group,Mechanical engineering,40.020347595214844,4.987139665969553,6.0,4.25
2024-07,HNR1.DE,Hannover Rück,Insurance,222.52186584472656,-2.9573300716035367,6.0,4.25
2024-07,HEI.DE,Heidelberg Materials,Building materials,94.80561828613281,-0.3511665013252063,6.0,4.25
2024-07,HEN3.DE,Henkel,Consumer goods,76.75049591064453,-4.95073705915956,6.0,4.25
2024-07,IFX.DE,Infineon,Semiconductors,31.759841918945312,-6.573385767836493,6.0,4.25
2024-07,MBG.DE,Mercedes-Benz Group,Automotive industry,56.28894805908203,-5.281090136512279,6.0,4.25
2024-07,MRK.DE,Merck,Chemicals & Pharmaceuticals,162.75399780273438,7.140553290950202,6.0,4.25
2024-07,MTX.DE,MTU Aero Engines,Aerospace,259.9366455078125,9.5896213108843,6.0,4.25
2024-07,MUV2.DE,Münchener Rück,Insurance,440.4537353515625,-2.441110282843151,6.0,4.25
2024-07,PAH3.DE,Porsche Automobil Holding,Holding company,39.16606903076172,-2.0848087472550847,6.0,4.25
2024-07,QIA.DE,Qiagen,Biotechnology,40.987831115722656,7.081712946399121,6.0,4.25
2024-07,RHM.DE,Rheinmetall,Defense technology,501.2629699707031,5.907077857189935,6.0,4.25
2024-07,RWE.DE,RWE,Energy,33.380672454833984,7.949919526786786,6.0,4.25
2024-07,SAP.DE,SAP,Software,193.2731170654297,2.9020742088370577,6.0,4.25
2024-07,G24.DE,Scout24,Online marketplaces,72.39747619628906,2.8089887640449396,6.0,4.25
2024-07,SIE.DE,Siemens,Electrical engineering,165.54669189453125,-2.475246367744366,6.0,4.25
2024-07,ENR.DE,Siemens Energy,Energy technology,26.90999984741211,10.695188969922654,6.0,4.25
2024-07,SHL.DE,Siemens Healthineers,Hospitals,48.80888366699219,-7.750931127596072,6.0,4.25
2024-07,SY1.DE,Symrise,Consumer goods,115.41507720947266,2.143477708078967,6.0,4.25
2024-07,VOW3.DE,Volkswagen,Automotive industry,96.81835174560547,-2.087294184582422,6.0,4.25
2024-07,VNA.DE,Vonovia,Real estate,27.23825454711914,7.0056463731671625,6.0,4.25
2024-07,ZAL.DE,Zalando,Fashion,23.709999084472656,8.314297604251554,6.0,4.25
2024-08,ADS.DE,Adidas,Sporting goods,229.8812713623047,0.3026356182868506,6.1,4.25
2024-08,AIR.PA,Airbus,Aerospace,135.76812744140625,-0.8145122022997331,6.1,4.25
2024-08,ALV.DE,Allianz,Insurance,269.2838134765625,7.7070566562652765,6.1,4.25
2024-08,BAS.DE,BASF,Chemicals & Pharmaceuticals,43.525997161865234,6.380511598145877,6.1,4.25
2024-08,BAYN.DE,Bayer,Chemicals & Pharmaceuticals,27.731674194335938,1.3456964521787684,6.1,4.25
2024-08,BEI.DE,Beiersdorf,Consumer goods,129.6526336669922,-2.5707945438640523,6.1,4.25
2024-08,BMW.DE,BMW,Automotive industry,79.52819061279297,-2.330463471974742,6.1,4.25
2024-08,BNR.DE,Brenntag,Chemicals & Pharmaceuticals,64.83792114257812,2.12701218226945,6.1,4.25
2024-08,CBK.DE,Commerzbank,Banks,13.040935516357422,-11.332009989081214,6.1,4.25
2024-08,CON.DE,Continental,Automotive industry,58.89482879638672,7.724871077013851,6.1,4.25
2024-08,DTG.DE,Daimler Truck,Automotive industry,32.99869918823242,-3.0218307106189,6.1,4.25
2024-08,DBK.DE,Deutsche Bank,Banks,14.348929405212402,2.1612627685087427,6.1,4.25
2024-08,DB1.DE,Deutsche Börse,Stock exchange,199.9993438720703,7.12777345187019,6.1,4.25
2024-08,DHL.DE,Deutsche Post,Logistics,37.300575256347656,-4.969698171277493,6.1,4.25
2024-08,DTE.DE,Deutsche Telekom,Telecommunications,24.977752685546875,6.371527745343264,6.1,4.25
2024-08,EOAN.DE,E.ON,Energy,12.347393035888672,-1.195527417917186,6.1,4.25
2024-08,FRE.DE,Fresenius,Medical technology,32.59665298461914,0.542339242002865,6.1,4.25
2024-08,FME.DE,Fresenius Medical Care,Hospitals,33.90347671508789,-2.842808797850982,6.1,4.25
2024-08,G1A.DE,GEA Group,Mechanical engineering,41.549041748046875,3.8197922923958183,6.1,4.25
2024-08,HNR1.DE,Hannover Rück,Insurance,248.29061889648438,11.580324007232168,6.1,4.25
2024-08,HEI.DE,Heidelberg Materials,Building materials,93.99984741210938,-0.8499189062736168,6.1,4.25
2024-08,HEN3.DE,Henkel,Consumer goods,80.30178833007812,4.627061203054805,6.1,4.25
2024-08,IFX.DE,Infineon,Semiconductors,32.70124053955078,2.9641162037519653,6.1,4.25
2024-08,MBG.DE,Mercedes-Benz Group,Automotive industry,57.374969482421875,1.9293688384439678,6.1,4.25
2024-08,MRK.DE,Merck,Chemicals & Pharmaceuticals,172.61936950683594,6.061523426330129,6.1,4.25
2024-08,MTX.DE,MTU Aero Engines,Aerospace,268.1806945800781,3.1715609225317465,6.1,4.25
2024-08,MUV2.DE,Münchener Rück,Insurance,473.03338623046875,7.39683836553271,6.1,4.25
2024-08,PAH3.DE,Porsche Automobil Holding,Holding company,38.54062271118164,-1.5969085870957356,6.1,4.25
2024-08,QIA.DE,Qiagen,Biotechnology,41.17648696899414,0.46027283741567615,6.1,4.25
2024-08,RHM.DE,Rheinmetall,Defense technology,539.2706298828125,7.5823793475769286,6.1,4.25
2024-08,RWE.DE,RWE,Energy,31.58049774169922,-5.392865334185548,6.1,4.25
2024-08,SAP.DE,SAP,Software,195.9489288330078,1.384471781801011,6.1,4.25
2024-08,G24.DE,Scout24,Online marketplaces,68.34242248535156,-5.601098165277419,6.1,4.25
2024-08,SIE.DE,Siemens,Electrical engineering,166.03524780273438,0.29511668436985605,6.1,4.25
2024-08,ENR.DE,Siemens Energy,Energy technology,26.049999237060547,-3.1958402646898088,6.1,4.25
2024-08,SHL.DE,Siemens Healthineers,Hospitals,51.710079193115234,5.943990741351524,6.1,4.25
2024-08,SY1.DE,Symrise,Consumer goods,117.68878173828125,1.9700238337855502,6.1,4.25
2024-08,VOW3.DE,Volkswagen,Automotive industry,90.23246002197266,-6.802317540932257,6.1,4.25
2024-08,VNA.DE,Vonovia,Real estate,29.89400863647461,9.750089106338699,6.1,4.25
2024-08,ZAL.DE,Zalando,Fashion,23.440000534057617,-1.1387539470292807,6.1,4.25
2024-09,ADS.DE,Adidas,Sporting goods,235.72738647460938,2.5431019576583447,6.0,3.65
2024-09,AIR.PA,Airbus,Aerospace,128.335205078125,-5.474718185598526,6.0,3.65
2024-09,ALV.DE,Allianz,Insurance,282.8007507324219,5.01958772840827,6.0,3.65
2024-09,BAS.DE,BASF,Chemicals & Pharmaceuticals,45.14457702636719,3.718650852461236,6.0,3.65
2024-09,BAYN.DE,Bayer,Chemicals & Pharmaceuticals,30.17990493774414,8.828283234007706,6.0,3.65
2024-09,BEI.DE,Beiersdorf,Consumer goods,134.0157012939453,3.3651978394511506,6.0,3.65
2024-09,BMW.DE,BMW,Automotive industry,75.12577056884766,-5.535672332066277,6.0,3.65
2024-09,BNR.DE,Brenntag,Chemicals & Pharmaceuticals,64.60643005371094,-0.357030399475855,6.0,3.65
2024-09,CBK.DE,Commerzbank,Banks,16.106237411499023,23.505230060349213,6.0,3.65
2024-09,CON.DE,Continental,Automotive industry,56.06000518798828,-4.813365903819989,6.0,3.65
2024-09,DTG.DE,Daimler Truck,Automotive industry,32.018070220947266,-2.9717200720289494,6.0,3.65
2024-09,DBK.DE,Deutsche Bank,Banks,15.078635215759277,5.085437316890018,6.0,3.65
2024-09,DB1.DE,Deutsche Börse,Stock exchange,207.68785095214844,3.8442661516910226,6.0,3.65
2024-09,DHL.DE,Deutsche Post,Logistics,38.09035873413086,2.1173493233158647,6.0,3.65
2024-09,DTE.DE,Deutsche Telekom,Telecommunications,25.638385772705078,2.644886013065828,6.0,3.65
2024-09,EOAN.DE,E.ON,Energy,12.872711181640625,4.254486305125904,6.0,3.65
2024-09,FRE.DE,Fresenius,Medical technology,33.43672180175781,2.5771628072828845,6.0,3.65
2024-09,FME.DE,Fresenius Medical Care,Hospitals,37.14210510253906,9.552496384566656,6.0,3.65
2024-09,G1A.DE,GEA Group,Mechanical engineering,43.077728271484375,3.679234127004527,6.0,3.65
2024-09,HNR1.DE,Hannover Rück,Insurance,248.0968780517578,-0.07802986902510911,6.0,3.65
2024-09,HEI.DE,Heidelberg Materials,Building materials,95.90617370605469,2.0280099877052926,6.0,3.65
2024-09,HEN3.DE,Henkel,Consumer goods,81.89307403564453,1.9816317153803276,6.0,3.65
2024-09,IFX.DE,Infineon,Semiconductors,31.175182342529297,-4.666667599890529,6.0,3.65
2024-09,MBG.DE,Mercedes-Benz Group,Automotive industry,53.417442321777344,-6.897654493493032,6.0,3.65
2024-09,MRK.DE,Merck,Chemicals & Pharmaceuticals,155.0972900390625,-10.150702970259395,6.0,3.65
2024-09,MTX.DE,MTU Aero Engines,Aerospace,278.1133117675781,3.703703282241344,6.0,3.65
2024-09,MUV2.DE,Münchener Rück,Insurance,477.8671569824219,1.0218667207557486,6.0,3.65
2024-09,PAH3.DE,Porsche Automobil Holding,Holding company,38.92915725708008,1.008116938872683,6.0,3.65
2024-09,QIA.DE,Qiagen,Biotechnology,40.183563232421875,-2.411385258096288,6.0,3.65
2024-09,RHM.DE,Rheinmetall,Defense technology,483.9505920410156,-10.258307197968175,6.0,3.65
2024-09,RWE.DE,RWE,Energy,31.628889083862305,0.15323172724788225,6.0,3.65
2024-09,SAP.DE,SAP,Software,202.56907653808594,3.378506708102491,6.0,3.65
2024-09,G24.DE,Scout24,Online marketplaces,76.403076171875,11.794509754539572,6.0,3.65
2024-09,SIE.DE,Siemens,Electrical engineering,177.1941680908203,6.720814065543346,6.0,3.65
2024-09,ENR.DE,Siemens Energy,Energy technology,33.06999969482422,26.948179129988347,6.0,3.65
2024-09,SHL.DE,Siemens Healthineers,Hospitals,52.96889877319336,2.4343795246899003,6.0,3.65
2024-09,SY1.DE,Symrise,Consumer goods,122.68103790283203,4.241913367454742,6.0,3.65
2024-09,VOW3.DE,Volkswagen,Automotive industry,89.2755355834961,-1.0605101958248042,6.0,3.65
2024-09,VNA.DE,Vonovia,Real estate,31.380081176757812,4.97113839215928,6.0,3.65
2024-09,ZAL.DE,Zalando,Fashion,29.6200008392334,26.365188414549845,6.0,3.65
2024-10,ADS.DE,Adidas,Sporting goods,217.39633178710938,-7.776378876314594,6.0,3.4
2024-10,AIR.PA,Airbus,Aerospace,137.0786590576172,6.81298165547759,6.0,3.4
2024-10,ALV.DE,Allianz,Insurance,277.43231201171875,-1.898311339980352,6.0,3.4
2024-10,BAS.DE,BASF,Chemicals & Pharmaceuticals,42.382076263427734,-6.1192305807317275,6.0,3.4
2024-10,BAYN.DE,Bayer,Chemicals & Pharmaceuticals,24.676362991333008,-18.23578290840868,6.0,3.4
2024-10,BEI.DE,Beiersdorf,Consumer goods,122.95928955078125,-8.250086845356519,6.0,3.4
2024-10,BMW.DE,BMW,Automotive industry,68.61702728271484,-8.66379570798278,6.0,3.4
2024-10,BNR.DE,Brenntag,Chemicals & Pharmaceuticals,57.71944808959961,-10.65990174412329,6.0,3.4
2024-10,CBK.DE,Commerzbank,Banks,15.916178703308105,-1.180031706568696,6.0,3.4
2024-10,CON.DE,Continental,Automotive industry,55.21148681640625,-1.5135895345294026,6.0,3.4
2024-10,DTG.DE,Daimler Truck,Automotive industry,36.18812561035156,13.024068473296403,6.0,3.4
2024-10,DBK.DE,Deutsche Bank,Banks,15.201225280761719,0.8130050448751369,6.0,3.4
2024-10,DB1.DE,Deutsche Börse,Stock exchange,210.64495849609375,1.4238230740933666,6.0,3.4
2024-10,DHL.DE,Deutsche Post,Logistics,35.140567779541016,-7.7441931570643945,6.0,3.4
2024-10,DTE.DE,Deutsche Telekom,Telecommunications,27.027658462524414,5.418721374020241,6.0,3.4
2024-10,EOAN.DE,E.ON,Energy,11.966657638549805,-7.038560333607546,6.0,3.4
2024-10,FRE.DE,Fresenius,Medical technology,32.7431755065918,-2.074205417857544,6.0,3.4
2024-10,FME.DE,Fresenius Medical Care,Hospitals,34.92466354370117,-5.97015584527627,6.0,3.4
2024-10,G1A.DE,GEA Group,Mechanical engineering,44.37123489379883,3.0027271033479686,6.0,3.4
2024-10,HNR1.DE,Hannover Rück,Insurance,233.953125,-5.7008992466270225,6.0,3.4
2024-10,HEI.DE,Heidelberg Materials,Building materials,99.44369506835938,3.688523090439344,6.0,3.4
2024-10,HEN3.DE,Henkel,Consumer goods,77.21623992919922,-5.710903103246179,6.0,3.4
2024-10,IFX.DE,Infineon,Semiconductors,28.76222801208496,-7.7399846580931575,6.0,3.4
2024-10,MBG.DE,Mercedes-Benz Group,Automotive industry,51.26380920410156,-4.031703923041974,6.0,3.4
2024-10,MRK.DE,Merck,Chemicals & Pharmaceuticals,149.20751953125,-3.797468354430378,6.0,3.4
2024-10,MTX.DE,MTU Aero Engines,Aerospace,298.6738586425781,7.392866865784065,6.0,3.4
2024-10,MUV2.DE,Münchener Rück,Insurance,454.568359375,-4.875580434224924,6.0,3.4
2024-10,PAH3.DE,Porsche Automobil Holding,Holding company,36.13361358642578,-7.181105031873935,6.0,3.4
2024-10,QIA.DE,Qiagen,Biotechnology,38.77361297607422,-3.5087735952944232,6.0,3.4
2024-10,RHM.DE,Rheinmetall,Defense technology,470.81707763671875,-2.7138130669305593,6.0,3.4
2024-10,RWE.DE,RWE,Energy,28.81248664855957,-8.904525314927103,6.0,3.4
2024-10,SAP.DE,SAP,Software,212.8759307861328,5.088068931443757,6.0,3.4
2024-10,G24.DE,Scout24,Online marketplaces,78.28224182128906,2.4595418713072803,6.0,3.4
2024-10,SIE.DE,Siemens,Electrical engineering,174.32138061523438,-1.6212652518639903,6.0,3.4
2024-10,ENR.DE,Siemens Energy,Energy technology,37.529998779296875,13.486541051195378,6.0,3.4
2024-10,SHL.DE,Siemens Healthineers,Hospitals,47.17634963989258,-10.935755259145186,6.0,3.4
2024-10,SY1.DE,Symrise,Consumer goods,109.33539581298828,-10.878325059830352,6.0,3.4
2024-10,VOW3.DE,Volkswagen,Automotive industry,83.4401626586914,-6.5363628307187005,6.0,3.4
2024-10,VNA.DE,Vonovia,Real estate,28.916078567504883,-7.852123120312182,6.0,3.4
2024-10,ZAL.DE,Zalando,Fashion,27.6200008392334,-6.7521942718883565,6.0,3.4
2024-11,ADS.DE,Adidas,Sporting goods,221.06256103515625,1.6864264534312001,5.9,3.4
2024-11,AIR.PA,Airbus,Aerospace,144.3159637451172,5.279672807754854,5.9,3.4
2024-11,ALV.DE,Allianz,Insurance,280.1165466308594,0.9675277546716377,5.9,3.4
2024-11,BAS.DE,BASF,Chemicals & Pharmaceuticals,40.26985168457031,-4.983768529245225,5.9,3.4
2024-11,BAYN.DE,Bayer,Chemicals & Pharmaceuticals,19.29523468017578,-21.806812912612862,5.9,3.4
2024-11,BEI.DE,Beiersdorf,Consumer goods,121.62062072753906,-1.0887089768758962,5.9,3.4
2024-11,BMW.DE,BMW,Automotive industry,66.43478393554688,-3.180323359356163,5.9,3.4
2024-11,BNR.DE,Brenntag,Chemicals & Pharmaceuticals,58.838340759277344,1.9385020243797957,5.9,3.4
2024-11,CBK.DE,Commerzbank,Banks,14.156919479370117,-11.053276397131274,5.9,3.4
2024-11,CON.DE,Continental,Automotive industry,59.82048416137695,8.347895720136854,5.9,3.4
2024-11,DTG.DE,Daimler Truck,Automotive industry,34.08405685424805,-5.814251831550099,5.9,3.4
2024-11,DBK.DE,Deutsche Bank,Banks,15.639047622680664,2.880177971397102,5.9,3.4
2024-11,DB1.DE,Deutsche Börse,Stock exchange,218.3334503173828,3.6499766603394157,5.9,3.4
2024-11,DHL.DE,Deutsche Post,Logistics,33.08523178100586,-5.848898092454213,5.9,3.4
2024-11,DTE.DE,Deutsche Telekom,Telecommunications,29.41759490966797,8.84255826473963,5.9,3.4
2024-11,EOAN.DE,E.ON,Energy,11.744963645935059,-1.8525974362346043,5.9,3.4
2024-11,FRE.DE,Fresenius,Medical technology,32.49897003173828,-0.7458209873515531,5.9,3.4
2024-11,FME.DE,Fresenius Medical Care,Hospitals,40.45853805541992,15.845176302970598,5.9,3.4
2024-11,G1A.DE,GEA Group,Mechanical engineering,46.370296478271484,4.505309778412414,5.9,3.4
2024-11,HNR1.DE,Hannover Rück,Insurance,239.3781280517578,2.318841884141465,5.9,3.4
2024-11,HEI.DE,Heidelberg Materials,Building materials,117.32785034179688,17.98420227762414,5.9,3.4
2024-11,HEN3.DE,Henkel,Consumer goods,78.36119079589844,1.4827850562900258,5.9,3.4
2024-11,IFX.DE,Infineon,Semiconductors,30.53602409362793,6.167102495667853,5.9,3.4
2024-11,MBG.DE,Mercedes-Benz Group,Automotive industry,48.74203109741211,-4.91921717453585,5.9,3.4
2024-11,MRK.DE,Merck,Chemicals & Pharmaceuticals,138.99859619140625,-6.84209708191389,5.9,3.4
2024-11,MTX.DE,MTU Aero Engines,Aerospace,320.02899169921875,7.149983983766139,5.9,3.4
2024-11,MUV2.DE,Münchener Rück,Insurance,477.8671569824219,5.12547719763341,5.9,3.4
2024-11,PAH3.DE,Porsche Automobil Holding,Holding company,32.8073844909668,-9.205359678469971,5.9,3.4
2024-11,QIA.DE,Qiagen,Biotechnology,41.09208679199219,5.979514515061091,5.9,3.4
2024-11,RHM.DE,Rheinmetall,Defense technology,619.2657470703125,31.530009526998583,5.9,3.4
2024-11,RWE.DE,RWE,Energy,30.844942092895508,7.054078563668664,5.9,3.4
2024-11,SAP.DE,SAP,Software,222.8854522705078,4.702044729721533,5.9,3.4
2024-11,G24.DE,Scout24,Online marketplaces,84.11756134033203,7.454205939023129,5.9,3.4
2024-11,SIE.DE,Siemens,Electrical engineering,178.97256469726562,2.6681661570231885,5.9,3.4
2024-11,ENR.DE,Siemens Energy,Energy technology,51.02000045776367,35.94458331266572,5.9,3.4
2024-11,SHL.DE,Siemens Healthineers,Hospitals,50.470924377441406,6.983530439928143,5.9,3.4
2024-11,SY1.DE,Symrise,Consumer goods,103.30514526367188,-5.515369020688221,5.9,3.4
2024-11,VOW3.DE,Volkswagen,Automotive industry,75.72846984863281,-9.242183337540888,5.9,3.4
2024-11,VNA.DE,Vonovia,Real estate,30.104934692382812,4.111401627653399,5.9,3.4
2024-11,ZAL.DE,Zalando,Fashion,29.420000076293945,6.5170136943069945,5.9,3.4
2024-12,ADS.DE,Adidas,Sporting goods,234.63743591308594,6.1407389900684395,6.0,3.15
2024-12,AIR.PA,Airbus,Aerospace,150.9860382080078,4.621854914589307,6.0,3.15
2024-12,ALV.DE,Allianz,Insurance,283.66351318359375,1.2662467088774276,6.0,3.15
2024-12,BAS.DE,BASF,Chemicals & Pharmaceuticals,40.30782699584961,0.09430208876048951,6.0,3.15
2024-12,BAYN.DE,Bayer,Chemicals & Pharmaceuticals,19.221588134765625,-0.3816825585740147,6.0,3.15
2024-12,BEI.DE,Beiersdorf,Consumer goods,122.95928955078125,1.1006923128941581,6.0,3.15
2024-12,BMW.DE,BMW,Automotive industry,74.93601989746094,12.796362776104942,6.0,3.15
2024-12,BNR.DE,Brenntag,Chemicals & Pharmaceuticals,56.61984634399414,-3.7704911230580618,6.0,3.15
2024-12,CBK.DE,Commerzbank,Banks,15.121831893920898,6.815836001305797,6.0,3.15
2024-12,CON.DE,Continental,Automotive industry,62.50102615356445,4.480976758657174,6.0,3.15
2024-12,DTG.DE,Daimler Truck,Automotive industry,35.19797897338867,3.2681617798727247,6.0,3.15
2024-12,DBK.DE,Deutsche Bank,Banks,16.18973159790039,3.521211703589233,6.0,3.15
2024-12,DB1.DE,Deutsche Börse,Stock exchange,220.4034423828125,0.9480874609092638,6.0,3.15
2024-12,DHL.DE,Deutsche Post,Logistics,32.3335075378418,-2.272083956188653,6.0,3.15
2024-12,DTE.DE,Deutsche Telekom,Telecommunications,28.164335250854492,-4.26023834600292,6.0,3.15
2024-12,EOAN.DE,E.ON,Energy,10.838909149169922,-7.71440869532809,6.0,3.15
2024-12,FRE.DE,Fresenius,Medical technology,32.7041015625,0.631193944181585,6.0,3.15
2024-12,FME.DE,Fresenius Medical Care,Hospitals,42.94829559326172,6.153849490140595,6.0,3.15
2024-12,G1A.DE,GEA Group,Mechanical engineering,47.27183151245117,1.94420804404849,6.0,3.15
2024-12,HNR1.DE,Hannover Rück,Insurance,233.8562469482422,-2.306760917740025,6.0,3.15
2024-12,HEI.DE,Heidelberg Materials,Building materials,117.91743469238281,0.5025101447511116,6.0,3.15
2024-12,HEN3.DE,Henkel,Consumer goods,81.89307403564453,4.507184237341844,6.0,3.15
2024-12,IFX.DE,Infineon,Semiconductors,31.115726470947266,1.8984212729918015,6.0,3.15
2024-12,MBG.DE,Mercedes-Benz Group,Automotive industry,49.515132904052734,1.5861091325791499,6.0,3.15
2024-12,MRK.DE,Merck,Chemicals & Pharmaceuticals,137.37889099121094,-1.1652673081423925,6.0,3.15
2024-12,MTX.DE,MTU Aero Engines,Aerospace,319.830322265625,-0.06207857373761172,6.0,3.15
2024-12,MUV2.DE,Münchener Rück,Insurance,476.6103820800781,-0.2629967102740216,6.0,3.15
2024-12,PAH3.DE,Porsche Automobil Holding,Holding company,34.20042037963867,4.246104681266005,6.0,3.15
2024-12,QIA.DE,Qiagen,Biotechnology,42.74034118652344,4.011123608481371,6.0,3.15
2024-12,RHM.DE,Rheinmetall,Defense technology,614.6889038085938,-0.7390757979706342,6.0,3.15
2024-12,RWE.DE,RWE,Energy,27.6607608795166,-10.323187522249611,6.0,3.15
2024-12,SAP.DE,SAP,Software,234.183349609375,5.068925416072179,6.0,3.15
2024-12,G24.DE,Scout24,Online marketplaces,84.66152954101562,0.6466761423131961,6.0,3.15
2024-12,SIE.DE,Siemens,Electrical engineering,185.2653350830078,3.5160530868999285,6.0,3.15
2024-12,ENR.DE,Siemens Energy,Energy technology,50.08000183105469,-1.8424120311154257,6.0,3.15
2024-12,SHL.DE,Siemens Healthineers,Hospitals,51.23801803588867,1.519872417454926,6.0,3.15
2024-12,SY1.DE,Symrise,Consumer goods,101.47630310058594,-1.7703301790226167,6.0,3.15
2024-12,VOW3.DE,Volkswagen,Automotive industry,83.17748260498047,9.83647599276316,6.0,3.15
2024-12,VNA.DE,Vonovia,Real estate,28.273712158203125,-6.082798560739033,6.0,3.15
2024-12,ZAL.DE,Zalando,Fashion,32.83000183105469,11.590760523173671,6.0,3.15
2025-01,ADS.DE,Adidas,Sporting goods,252.57212829589844,7.643576700802268,6.4,3.15
2025-01,AIR.PA,Airbus,Aerospace,163.44595336914062,8.2523624760372,6.4,3.15
2025-01,ALV.DE,Allianz,Insurance,301.39849853515625,6.2521207442298055,6.4,3.15
2025-01,BAS.DE,BASF,Chemicals & Pharmaceuticals,44.247474670410156,9.773902410978884,6.4,3.15
2025-01,BAYN.DE,Bayer,Chemicals & Pharmaceuticals,21.53645896911621,12.043077908654887,6.4,3.15
2025-01,BEI.DE,Beiersdorf,Consumer goods,127.86774444580078,3.991934983482781,6.4,3.15
2025-01,BMW.DE,BMW,Automotive industry,74.57546997070312,-0.48114368397357277,6.4,3.15
2025-01,BNR.DE,Brenntag,Chemicals & Pharmaceuticals,58.626136779785156,3.5434402693391043,6.4,3.15
2025-01,CBK.DE,Commerzbank,Banks,18.206626892089844,20.399611765351388,6.4,3.15
2025-01,CON.DE,Continental,Automotive industry,66.31935119628906,6.109219764397178,6.4,3.15
2025-01,DTG.DE,Daimler Truck,Automotive industry,40.60572814941406,15.363805916566697,6.4,3.15
2025-01,DBK.DE,Deutsche Bank,Banks,18.42749786376953,13.822133198053454,6.4,3.15
2025-01,DB1.DE,Deutsche Börse,Stock exchange,234.99183654785156,6.618950233862897,6.4,3.15
2025-01,DHL.DE,Deutsche Post,Logistics,33.123294830322266,2.442627950450893,6.4,3.15
2025-01,DTE.DE,Deutsche Telekom,Telecommunications,31.428638458251953,11.590201502442433,6.4,3.15
2025-01,EOAN.DE,E.ON,Energy,11.007590293884277,1.5562557301006086,6.4,3.15
2025-01,FRE.DE,Fresenius,Medical technology,36.113224029541016,10.424143468750934,6.4,3.15
2025-01,FME.DE,Fresenius Medical Care,Hospitals,46.721832275390625,8.786231513971753,6.4,3.15
2025-01,G1A.DE,GEA Group,Mechanical engineering,50.02543258666992,5.825035726600669,6.4,3.15
2025-01,HNR1.DE,Hannover Rück,Insurance,246.35313415527344,5.343832961536021,6.4,3.15
2025-01,HEI.DE,Heidelberg Materials,Building materials,134.08193969726562,13.708324852089927,6.4,3.15
2025-01,HEN3.DE,Henkel,Consumer goods,81.71841430664062,-0.21327777844544205,6.4,3.15
2025-01,IFX.DE,Infineon,Semiconductors,31.76479721069336,2.0859893480299485,6.4,3.15
2025-01,MBG.DE,Mercedes-Benz Group,Automotive industry,54.227352142333984,9.51672541687869,6.4,3.15
2025-01,MRK.DE,Merck,Chemicals & Pharmaceuticals,143.71038818359375,4.608784615089001,6.4,3.15
2025-01,MTX.DE,MTU Aero Engines,Aerospace,328.4717102050781,2.701866376595863,6.4,3.15
2025-01,MUV2.DE,Münchener Rück,Insurance,505.03302001953125,5.963495342969183,6.4,3.15
2025-01,PAH3.DE,Porsche Automobil Holding,Holding company,36.199947357177734,5.846498245762755,6.4,3.15
2025-01,QIA.DE,Qiagen,Biotechnology,42.63521957397461,-0.24595407905160238,6.4,3.15
2025-01,RHM.DE,Rheinmetall,Defense technology,751.5960083007812,22.272584333947677,6.4,3.15
2025-01,RWE.DE,RWE,Energy,28.918947219848633,4.548632432102573,6.4,3.15
2025-01,SAP.DE,SAP,Software,266.09490966796875,13.626741658543695,6.4,3.15
2025-01,G24.DE,Scout24,Online marketplaces,92.72217559814453,9.521025784472513,6.4,3.15
2025-01,SIE.DE,Siemens,Electrical engineering,202.7072296142578,9.414548341401918,6.4,3.15
2025-01,ENR.DE,Siemens Energy,Energy technology,57.84000015258789,15.495203749615705,6.4,3.15
2025-01,SHL.DE,Siemens Healthineers,Hospitals,54.050697326660156,5.489438113709633,6.4,3.15
2025-01,SY1.DE,Symrise,Consumer goods,97.59123229980469,-3.8285498013563513,6.4,3.15
2025-01,VOW3.DE,Volkswagen,Automotive industry,92.54033660888672,11.256476765919366,6.4,3.15
2025-01,VNA.DE,Vonovia,Real estate,28.369586944580078,0.33909514902215054,6.4,3.15
2025-01,ZAL.DE,Zalando,Fashion,36.13999938964844,10.082233853129875,6.4,3.15
2025-02,ADS.DE,Adidas,Sporting goods,243.9515838623047,-3.4131020282231805,6.4,2.9
2025-02,AIR.PA,Airbus,Aerospace,162.0571746826172,-0.8496867973151301,6.4,2.9
2025-02,ALV.DE,Allianz,Insurance,316.6409606933594,5.0572455510839776,6.4,2.9
2025-02,BAS.DE,BASF,Chemicals & Pharmaceuticals,46.7156867980957,5.578198860094785,6.4,2.9
2025-02,BAYN.DE,Bayer,Chemicals & Pharmaceuticals,22.60133934020996,4.944547163583457,6.4,2.9
2025-02,BEI.DE,Beiersdorf,Consumer goods,131.14004516601562,2.559129148948025,6.4,2.9
2025-02,BMW.DE,BMW,Automotive industry,79.60409545898438,6.7430020759597475,6.4,2.9
2025-02,BNR.DE,Brenntag,Chemicals & Pharmaceuticals,61.558406829833984,5.001642972081188,6.4,2.9
2025-02,CBK.DE,Commerzbank,Banks,20.087718963623047,10.331908720282911,6.4,2.9
2025-02,CON.DE,Continental,Automotive industry,66.66647338867188,0.523410115028744,6.4,2.9
2025-02,DTG.DE,Daimler Truck,Automotive industry,40.091609954833984,-1.2661223379329956,6.4,2.9
2025-02,DBK.DE,Deutsche Bank,Banks,20.164196014404297,9.424492481148539,6.4,2.9
2025-02,DB1.DE,Deutsche Börse,Stock exchange,247.60885620117188,5.369131046708131,6.4,2.9
2025-02,DHL.DE,Deutsche Post,Logistics,35.86374282836914,8.27347645240344,6.4,2.9
2025-02,DTE.DE,Deutsche Telekom,Telecommunications,33.760284423828125,7.4188577041713,6.4,2.9
2025-02,EOAN.DE,E.ON,Energy,11.86063003540039,7.749559338069245,6.4,2.9
2025-02,FRE.DE,Fresenius,Medical technology,37.56869125366211,4.030288802047988,6.4,2.9
2025-02,FME.DE,Fresenius Medical Care,Hospitals,45.1268310546875,-3.4138242081384385,6.4,2.9
2025-02,G1A.DE,GEA Group,Mechanical engineering,54.58211135864258,9.108724375502675,6.4,2.9
2025-02,HNR1.DE,Hannover Rück,Insurance,248.29061889648438,0.7864664469784177,6.4,2.9
2025-02,HEI.DE,Heidelberg Materials,Building materials,142.68008422851562,6.412604524265664,6.4,2.9
2025-02,HEN3.DE,Henkel,Consumer goods,80.70930480957031,-1.2348618186394655,6.4,2.9
2025-02,IFX.DE,Infineon,Semiconductors,35.5099983215332,11.790414042306718,6.4,2.9
2025-02,MBG.DE,Mercedes-Benz Group,Automotive industry,55.0096549987793,1.4426351749426303,6.4,2.9
2025-02,MRK.DE,Merck,Chemicals & Pharmaceuticals,133.55055236816406,-7.069659990376087,6.4,2.9
2025-02,MTX.DE,MTU Aero Engines,Aerospace,331.74945068359375,0.9978760351901261,6.4,2.9
2025-02,MUV2.DE,Münchener Rück,Insurance,528.428466796875,4.632458839312914,6.4,2.9
2025-02,PAH3.DE,Porsche Automobil Holding,Holding company,35.60293197631836,-1.649216157605815,6.4,2.9
2025-02,QIA.DE,Qiagen,Biotechnology,36.60695266723633,-14.13917171525031,6.4,2.9
2025-02,RHM.DE,Rheinmetall,Defense technology,1001.4315185546875,33.240664864457955,6.4,2.9
2025-02,RWE.DE,RWE,Energy,29.34479522705078,1.4725570884885686,6.4,2.9
2025-02,SAP.DE,SAP,Software,262.9235534667969,-1.191813930273622,6.4,2.9
2025-02,G24.DE,Scout24,Online marketplaces,93.31559753417969,0.6400000131651762,6.4,2.9
2025-02,SIE.DE,Siemens,Electrical engineering,221.1999969482422,9.122894811978455,6.4,2.9
2025-02,ENR.DE,Siemens Energy,Energy technology,54.939998626708984,-5.013833883520757,6.4,2.9
2025-02,SHL.DE,Siemens Healthineers,Hospitals,53.7599983215332,-0.5378265582219766,6.4,2.9
2025-02,SY1.DE,Symrise,Consumer goods,96.00952911376953,-1.6207431228822844,6.4,2.9
2025-02,VOW3.DE,Volkswagen,Automotive industry,97.66270446777344,5.535281204493492,6.4,2.9
2025-02,VNA.DE,Vonovia,Real estate,28.714740753173828,1.21663318280949,6.4,2.9
2025-02,ZAL.DE,Zalando,Fashion,34.75,-3.8461522222564715,6.4,2.9
2025-03,ADS.DE,Adidas,Sporting goods,214.7209930419922,-11.982127911418406,6.4,2.65
2025-03,AIR.PA,Airbus,Aerospace,159.2013702392578,-1.762220308327822,6.4,2.65
2025-03,ALV.DE,Allianz,Insurance,337.5394592285156,6.600061624811304,6.4,2.65
2025-03,BAS.DE,BASF,Chemicals & Pharmaceuticals,43.56871795654297,-6.7364285045275585,6.4,2.65
2025-03,BAYN.DE,Bayer,Chemicals & Pharmaceuticals,21.964401245117188,-2.818143144108276,6.4,2.65
2025-03,BEI.DE,Beiersdorf,Consumer goods,118.39790344238281,-9.716438413226115,6.4,2.65
2025-03,BMW.DE,BMW,Automotive industry,69.90738677978516,-12.181168096050287,6.4,2.65
2025-03,BNR.DE,Brenntag,Chemicals & Pharmaceuticals,57.48794937133789,-6.6123502347097185,6.4,2.65
2025-03,CBK.DE,Commerzbank,Banks,20.438594818115234,1.7467182566999861,6.4,2.65
2025-03,CON.DE,Continental,Automotive industry,62.25032424926758,-6.624242913912259,6.4,2.65
2025-03,DTG.DE,Daimler Truck,Automotive industry,35.34078598022461,-11.849920669091397,6.4,2.65
2025-03,DBK.DE,Deutsche Bank,Banks,21.229564666748047,5.28346705012539,6.4,2.65
2025-03,DB1.DE,Deutsche Börse,Stock exchange,268.2100830078125,8.320068644839985,6.4,2.65
2025-03,DHL.DE,Deutsche Post,Logistics,37.56700897216797,4.749270459444355,6.4,2.65
2025-03,DTE.DE,Deutsche Telekom,Telecommunications,33.24538040161133,-1.5251767898417867,6.4,2.65
2025-03,EOAN.DE,E.ON,Energy,13.455862998962402,13.449816399303604,6.4,2.65
2025-03,FRE.DE,Fresenius,Medical technology,38.45759963989258,2.3660882414790585,6.4,2.65
2025-03,FME.DE,Fresenius Medical Care,Hospitals,44.3876838684082,-1.6379328417356676,6.4,2.65
2025-03,G1A.DE,GEA Group,Mechanical engineering,54.778099060058594,0.3590694763129232,6.4,2.65
2025-03,HNR1.DE,Hannover Rück,Insurance,266.1156311035156,7.17909210031924,6.4,2.65
2025-03,HEI.DE,Heidelberg Materials,Building materials,154.81576538085938,8.505518634897435,6.4,2.65
2025-03,HEN3.DE,Henkel,Consumer goods,71.29743194580078,-11.661447073514497,6.4,2.65
2025-03,IFX.DE,Infineon,Semiconductors,30.395000457763672,-14.40438779369867,6.4,2.65
2025-03,MBG.DE,Mercedes-Benz Group,Automotive industry,49.87406921386719,-9.335789844575594,6.4,2.65
2025-03,MRK.DE,Merck,Chemicals & Pharmaceuticals,124.27415466308594,-6.945982282054153,6.4,2.65
2025-03,MTX.DE,MTU Aero Engines,Aerospace,318.1417541503906,-4.101799266031481,6.4,2.65
2025-03,MUV2.DE,Münchener Rück,Insurance,563.038330078125,6.549583426313377,6.4,2.65
2025-03,PAH3.DE,Porsche Automobil Holding,Holding company,32.75053024291992,-8.011704584599212,6.4,2.65
2025-03,QIA.DE,Qiagen,Biotechnology,36.45288848876953,-0.42086043016819064,6.4,2.65
2025-03,RHM.DE,Rheinmetall,Defense technology,1312.3577880859375,31.048180906068666,6.4,2.65
2025-03,RWE.DE,RWE,Energy,31.95795440673828,8.905017600118148,6.4,2.65
2025-03,SAP.DE,SAP,Software,242.21078491210938,-7.877867266579141,6.4,2.65
2025-03,G24.DE,Scout24,Online marketplaces,95.34312438964844,2.172763084677354,6.4,2.65
2025-03,SIE.DE,Siemens,Electrical engineering,211.89999389648438,-4.2043414014756415,6.4,2.65
2025-03,ENR.DE,Siemens Energy,Energy technology,53.84000015258789,-2.002181473638287,6.4,2.65
2025-03,SHL.DE,Siemens Healthineers,Hospitals,49.61000061035156,-7.719490031158327,6.4,2.65
2025-03,SY1.DE,Symrise,Consumer goods,94.60575866699219,-1.4621157501084059,6.4,2.65
2025-03,VOW3.DE,Volkswagen,Automotive industry,87.77446746826172,-10.124885495849256,6.4,2.65
2025-03,VNA.DE,Vonovia,Real estate,23.930545806884766,-16.66111140411486,6.4,2.65
2025-03,ZAL.DE,Zalando,Fashion,31.760000228881836,-8.604315888109825,6.4,2.65
2025-04,ADS.DE,Adidas,Sporting goods,199.8579864501953,-6.922009059864109,6.3,2.4
2025-04,AIR.PA,Airbus,Aerospace,147.13999938964844,-7.576172762510014,6.3,2.4
2025-04,ALV.DE,Allianz,Insurance,349.0432434082031,3.408130180092339,6.3,2.4
2025-04,BAS.DE,BASF,Chemicals & Pharmaceuticals,42.367835998535156,-2.7562939979221213,6.3,2.4
2025-04,BAYN.DE,Bayer,Chemicals & Pharmaceuticals,23.030000686645508,4.851484133969786,6.3,2.4
2025-04,BEI.DE,Beiersdorf,Consumer goods,124.0,4.73158425507374,6.3,2.4
2025-04,BMW.DE,BMW,Automotive industry,70.49564361572266,0.8414802255311882,6.3,2.4
2025-04,BNR.DE,Brenntag,Chemicals & Pharmaceuticals,56.50410079956055,-1.7113996629489536,6.3,2.4
2025-04,CBK.DE,Commerzbank,Banks,22.63157844543457,10.729620342469136,6.3,2.4
2025-04,CON.DE,Continental,Automotive industry,68.44000244140625,9.94320634757415,6.3,2.4
2025-04,DTG.DE,Daimler Truck,Automotive industry,33.4747314453125,-5.280172704580721,6.3,2.4
2025-04,DBK.DE,Deutsche Bank,Banks,22.358177185058594,5.316230153688917,6.3,2.4
2025-04,DB1.DE,Deutsche Börse,Stock exchange,279.4471130371094,4.18963743021159,6.3,2.4
2025-04,DHL.DE,Deutsche Post,Logistics,35.69246292114258,-4.989873035711135,6.3,2.4
2025-04,DTE.DE,Deutsche Telekom,Telecommunications,31.600000381469727,-4.9491989571635475,6.3,2.4
2025-04,EOAN.DE,E.ON,Energy,14.858318328857422,10.422633836292515,6.3,2.4
2025-04,FRE.DE,Fresenius,Medical technology,40.8312873840332,6.172220227906178,6.3,2.4
2025-04,FME.DE,Fresenius Medical Care,Hospitals,43.28868865966797,-2.475901225209942,6.3,2.4
2025-04,G1A.DE,GEA Group,Mechanical engineering,56.14999771118164,2.504465606991757,6.3,2.4
2025-04,HNR1.DE,Hannover Rück,Insurance,273.5749816894531,2.8030486428044066,6.3,2.4
2025-04,HEI.DE,Heidelberg Materials,Building materials,171.22593688964844,10.599806465716654,6.3,2.4
2025-04,HEN3.DE,Henkel,Consumer goods,68.4000015258789,-4.063863649569399,6.3,2.4
2025-04,IFX.DE,Infineon,Semiconductors,28.889999389648438,-4.951475721168541,6.3,2.4
2025-04,MBG.DE,Mercedes-Benz Group,Automotive industry,48.29106140136719,-3.1740097358245123,6.3,2.4
2025-04,MRK.DE,Merck,Chemicals & Pharmaceuticals,121.9000015258789,-1.910415841204871,6.3,2.4
2025-04,MTX.DE,MTU Aero Engines,Aerospace,301.8522644042969,-5.120198632711837,6.3,2.4
2025-04,MUV2.DE,Münchener Rück,Insurance,581.5999755859375,3.2966930520053506,6.3,2.4
2025-04,PAH3.DE,Porsche Automobil Holding,Holding company,34.27622985839844,4.658549355268371,6.3,2.4
2025-04,QIA.DE,Qiagen,Biotechnology,37.52634811401367,2.944786187725157,6.3,2.4
2025-04,RHM.DE,Rheinmetall,Defense technology,1491.451416015625,13.64670744179406,6.3,2.4
2025-04,RWE.DE,RWE,Energy,33.10000228881836,3.573595066645696,6.3,2.4
2025-04,SAP.DE,SAP,Software,253.01315307617188,4.459903867609505,6.3,2.4
2025-04,G24.DE,Scout24,Online marketplaces,103.5521240234375,8.609954505204275,6.3,2.4
2025-04,SIE.DE,Siemens,Electrical engineering,201.9499969482422,-4.695609832392389,6.3,2.4
2025-04,ENR.DE,Siemens Energy,Energy technology,67.54000091552734,25.44576657524571,6.3,2.4
2025-04,SHL.DE,Siemens Healthineers,Hospitals,47.380001068115234,-4.495060501513115,6.3,2.4
2025-04,SY1.DE,Symrise,Consumer goods,100.38887786865234,6.112861714915763,6.3,2.4
2025-04,VOW3.DE,Volkswagen,Automotive industry,89.53822326660156,2.009417828684179,6.3,2.4
2025-04,VNA.DE,Vonovia,Real estate,28.03402328491211,17.147446243565344,6.3,2.4
2025-04,ZAL.DE,Zalando,Fashion,31.969999313354492,0.6612061806022584,6.3,2.4
2025-05,ADS.DE,Adidas,Sporting goods,219.5,9.827985310309062,6.2,2.4
2025-05,AIR.PA,Airbus,Aerospace,162.0800018310547,10.153596916799579,6.2,2.4
2025-05,ALV.DE,Allianz,Insurance,348.70001220703125,-0.09833486470628428,6.2,2.4
2025-05,BAS.DE,BASF,Chemicals & Pharmaceuticals,42.400001525878906,0.07591968432105745,6.2,2.4
2025-05,BAYN.DE,Bayer,Chemicals & Pharmaceuticals,24.735000610351562,7.40338633465496,6.2,2.4
2025-05,BEI.DE,Beiersdorf,Consumer goods,120.6500015258789,-2.7016116726783057,6.2,2.4
2025-05,BMW.DE,BMW,Automotive industry,78.0999984741211,10.786985504877977,6.2,2.4
2025-05,BNR.DE,Brenntag,Chemicals & Pharmaceuticals,59.63999938964844,5.549860179550503,6.2,2.4
2025-05,CBK.DE,Commerzbank,Banks,26.790000915527344,18.374425275368477,6.2,2.4
2025-05,CON.DE,Continental,Automotive industry,77.30000305175781,12.945646251162701,6.2,2.4
2025-05,DTG.DE,Daimler Truck,Automotive industry,38.209999084472656,14.145797246786396,6.2,2.4
2025-05,DBK.DE,Deutsche Bank,Banks,24.360000610351562,8.953428576595845,6.2,2.4
2025-05,DB1.DE,Deutsche Börse,Stock exchange,283.5,1.4503234328824277,6.2,2.4
2025-05,DHL.DE,Deutsche Post,Logistics,39.369998931884766,10.303396599072423,6.2,2.4
2025-05,DTE.DE,Deutsche Telekom,Telecommunications,33.279998779296875,5.316450561856012,6.2,2.4
2025-05,EOAN.DE,E.ON,Energy,15.430000305175781,3.8475550440190354,6.2,2.4
2025-05,FRE.DE,Fresenius,Medical technology,43.18000030517578,5.7522382261721905,6.2,2.4
2025-05,FME.DE,Fresenius Medical Care,Hospitals,50.02000045776367,15.549816837873532,6.2,2.4
2025-05,G1A.DE,GEA Group,Mechanical engineering,58.900001525878906,4.897602719135352,6.2,2.4
2025-05,HNR1.DE,Hannover Rück,Insurance,278.3999938964844,1.7636891272858835,6.2,2.4
2025-05,HEI.DE,Heidelberg Materials,Building materials,172.4499969482422,0.7148800472808192,6.2,2.4
2025-05,HEN3.DE,Henkel,Consumer goods,70.4800033569336,3.0409382816573904,6.2,2.4
2025-05,IFX.DE,Infineon,Semiconductors,34.275001525878906,18.639675493243413,6.2,2.4
2025-05,MBG.DE,Mercedes-Benz Group,Automotive industry,52.59000015258789,8.90214177628117,6.2,2.4
2025-05,MRK.DE,Merck,Chemicals & Pharmaceuticals,115.5,-5.250206272163349,6.2,2.4
2025-05,MTX.DE,MTU Aero Engines,Aerospace,350.5,16.116405716455052,6.2,2.4
2025-05,MUV2.DE,Münchener Rück,Insurance,571.4000244140625,-1.7537743466373046,6.2,2.4
2025-05,PAH3.DE,Porsche Automobil Holding,Holding company,35.099998474121094,2.4033232917558323,6.2,2.4
2025-05,QIA.DE,Qiagen,Biotechnology,39.5092658996582,5.284068088959715,6.2,2.4
2025-05,RHM.DE,Rheinmetall,Defense technology,1885.0,26.386952988098678,6.2,2.4
2025-05,RWE.DE,RWE,Energy,33.130001068115234,0.09063074689577011,6.2,2.4
2025-05,SAP.DE,SAP,Software,265.8999938964844,5.093348177212276,6.2,2.4
2025-05,G24.DE,Scout24,Online marketplaces,118.58548736572266,14.517677434489485,6.2,2.4
2025-05,SIE.DE,Siemens,Electrical engineering,211.8000030517578,4.877448008102769,6.2,2.4
2025-05,ENR.DE,Siemens Energy,Energy technology,85.5,26.591647676960093,6.2,2.4
2025-05,SHL.DE,Siemens Healthineers,Hospitals,46.58000183105469,-1.6884745019537628,6.2,2.4
2025-05,SY1.DE,Symrise,Consumer goods,105.05000305175781,4.643069314116688,6.2,2.4
2025-05,VOW3.DE,Volkswagen,Automotive industry,95.36000061035156,6.502002308461674,6.2,2.4
2025-05,VNA.DE,Vonovia,Real estate,28.829999923706055,2.83932359870136,6.2,2.4
2025-05,ZAL.DE,Zalando,Fashion,31.450000762939453,-1.6265203677931384,6.2,2.4
2025-06,ADS.DE,Adidas,Sporting goods,197.9499969482422,-9.817769044081004,6.2,2.15
2025-06,AIR.PA,Airbus,Aerospace,177.25999450683594,9.365740686259505,6.2,2.15
2025-06,ALV.DE,Allianz,Insurance,344.1000061035156,-1.3191872504967117,6.2,2.15
2025-06,BAS.DE,BASF,Chemicals & Pharmaceuticals,41.86000061035156,-1.273587019089495,6.2,2.15
2025-06,BAYN.DE,Bayer,Chemicals & Pharmaceuticals,25.53499984741211,3.2342802398223958,6.2,2.15
2025-06,BEI.DE,Beiersdorf,Consumer goods,106.5999984741211,-11.645257251608198,6.2,2.15
2025-06,BMW.DE,BMW,Automotive industry,75.45999908447266,-3.3802809746830143,6.2,2.15
2025-06,BNR.DE,Brenntag,Chemicals & Pharmaceuticals,56.20000076293945,-5.767938735603096,6.2,2.15
2025-06,CBK.DE,Commerzbank,Banks,26.780000686645508,-0.03732821403540365,6.2,2.15
2025-06,CON.DE,Continental,Automotive industry,74.0999984741211,-4.139721153043274,6.2,2.15
2025-06,DTG.DE,Daimler Truck,Automotive industry,40.16999816894531,5.1295449658074865,6.2,2.15
2025-06,DBK.DE,Deutsche Bank,Banks,25.170000076293945,3.3251208770421092,6.2,2.15
2025-06,DB1.DE,Deutsche Börse,Stock exchange,276.8999938964844,-2.3280444809578915,6.2,2.15
2025-06,DHL.DE,Deutsche Post,Logistics,39.209999084472656,-0.4064004362533291,6.2,2.15
2025-06,DTE.DE,Deutsche Telekom,Telecommunications,30.969999313354492,-6.9411044190885285,6.2,2.15
2025-06,EOAN.DE,E.ON,Energy,15.625,1.2637698701717381,6.2,2.15
2025-06,FRE.DE,Fresenius,Medical technology,42.68000030517578,-1.1579434841737735,6.2,2.15
2025-06,FME.DE,Fresenius Medical Care,Hospitals,48.650001525878906,-2.7389022777830174,6.2,2.15
2025-06,G1A.DE,GEA Group,Mechanical engineering,59.400001525878906,0.8488964126432297,6.2,2.15
2025-06,HNR1.DE,Hannover Rück,Insurance,267.20001220703125,-4.022982016880916,6.2,2.15
2025-06,HEI.DE,Heidelberg Materials,Building materials,199.4499969482422,15.656712367529678,6.2,2.15
2025-06,HEN3.DE,Henkel,Consumer goods,66.66000366210938,-5.419976607376853,6.2,2.15
2025-06,IFX.DE,Infineon,Semiconductors,36.1150016784668,5.368344480447718,6.2,2.15
2025-06,MBG.DE,Mercedes-Benz Group,Automotive industry,49.689998626708984,-5.514359226972165,6.2,2.15
2025-06,MRK.DE,Merck,Chemicals & Pharmaceuticals,110.0,-4.761904761904767,6.2,2.15
2025-06,MTX.DE,MTU Aero Engines,Aerospace,377.20001220703125,7.617692498439732,6.2,2.15
2025-06,MUV2.DE,Münchener Rück,Insurance,550.5999755859375,-3.64019039891611,6.2,2.15
2025-06,PAH3.DE,Porsche Automobil Holding,Holding company,33.689998626708984,-4.017093757003121,6.2,2.15
2025-06,QIA.DE,Qiagen,Biotechnology,40.63739013671875,2.8553409216097503,6.2,2.15
2025-06,RHM.DE,Rheinmetall,Defense technology,1797.0,-4.668435013262595,6.2,2.15
2025-06,RWE.DE,RWE,Energy,35.43000030517578,6.942345798093252,6.2,2.15
2025-06,SAP.DE,SAP,Software,258.1499938964844,-2.914629626887877,6.2,2.15
2025-06,G24.DE,Scout24,Online marketplaces,117.0999984741211,-1.2526734296079978,6.2,2.15
2025-06,SIE.DE,Siemens,Electrical engineering,217.64999389648438,2.76203529765624,6.2,2.15
2025-06,ENR.DE,Siemens Energy,Energy technology,98.05999755859375,14.690055624086252,6.2,2.15
2025-06,SHL.DE,Siemens Healthineers,Hospitals,47.060001373291016,1.0304841635199624,6.2,2.15
2025-06,SY1.DE,Symrise,Consumer goods,89.13999938964844,-15.145172013246455,6.2,2.15
2025-06,VOW3.DE,Volkswagen,Automotive industry,89.62000274658203,-6.019293023312377,6.2,2.15
2025-06,VNA.DE,Vonovia,Real estate,29.90999984741211,3.746097560055839,6.2,2.15
2025-06,ZAL.DE,Zalando,Fashion,27.950000762939453,-11.128775564687377,6.2,2.15
2025-07,ADS.DE,Adidas,Sporting goods,168.0500030517578,-15.104821600124751,6.3,2.15
2025-07,AIR.PA,Airbus,Aerospace,176.0399932861328,-0.6882552513314377,6.3,2.15
2025-07,ALV.DE,Allianz,Insurance,347.20001220703125,0.9009026586831892,6.3,2.15
2025-07,BAS.DE,BASF,Chemicals & Pharmaceuticals,43.15999984741211,3.1055881942320562,6.3,2.15
2025-07,BAYN.DE,Bayer,Chemicals & Pharmaceuticals,27.350000381469727,7.10789326376895,6.3,2.15
2025-07,BEI.DE,Beiersdorf,Consumer goods,109.0,2.2514085930888106,6.3,2.15
2025-07,BMW.DE,BMW,Automotive industry,83.87999725341797,11.158227234431406,6.3,2.15
2025-07,BNR.DE,Brenntag,Chemicals & Pharmaceuticals,54.540000915527344,-2.9537363431973107,6.3,2.15
2025-07,CBK.DE,Commerzbank,Banks,32.040000915527344,19.64152387607989,6.3,2.15
2025-07,CON.DE,Continental,Automotive industry,75.19999694824219,1.4844784032016722,6.3,2.15
2025-07,DTG.DE,Daimler Truck,Automotive industry,42.83000183105469,6.621866525664366,6.3,2.15
2025-07,DBK.DE,Deutsche Bank,Banks,28.985000610351562,15.156934932434618,6.3,2.15
2025-07,DB1.DE,Deutsche Börse,Stock exchange,254.10000610351562,-8.234015274659868,6.3,2.15
2025-07,DHL.DE,Deutsche Post,Logistics,39.45000076293945,0.6120930478721753,6.3,2.15
2025-07,DTE.DE,Deutsche Telekom,Telecommunications,31.479999542236328,1.6467556996745625,6.3,2.15
2025-07,EOAN.DE,E.ON,Energy,15.954999923706055,2.111999511718743,6.3,2.15
2025-07,FRE.DE,Fresenius,Medical technology,41.97999954223633,-1.6401142407081126,6.3,2.15
2025-07,FME.DE,Fresenius Medical Care,Hospitals,44.47999954223633,-8.57143237996485,6.3,2.15
2025-07,G1A.DE,GEA Group,Mechanical engineering,63.099998474121094,6.228950931306287,6.3,2.15
2025-07,HNR1.DE,Hannover Rück,Insurance,266.3999938964844,-0.29940803667591886,6.3,2.15
2025-07,HEI.DE,Heidelberg Materials,Building materials,202.5,1.5292068681000304,6.3,2.15
2025-07,HEN3.DE,Henkel,Consumer goods,67.58000183105469,1.3801351911239879,6.3,2.15
2025-07,IFX.DE,Infineon,Semiconductors,34.6349983215332,-4.0980293178721645,6.3,2.15
2025-07,MBG.DE,Mercedes-Benz Group,Automotive industry,50.099998474121094,0.8251154331723631,6.3,2.15
2025-07,MRK.DE,Merck,Chemicals & Pharmaceuticals,110.30000305175781,0.27273004705254955,6.3,2.15
2025-07,MTX.DE,MTU Aero Engines,Aerospace,378.20001220703125,0.2651113381860526,6.3,2.15
2025-07,MUV2.DE,Münchener Rück,Insurance,575.5999755859375,4.540501472669978,6.3,2.15
2025-07,PAH3.DE,Porsche Automobil Holding,Holding company,35.33000183105469,4.86792303709247,6.3,2.15
2025-07,QIA.DE,Qiagen,Biotechnology,43.79999923706055,7.782510367180673,6.3,2.15
2025-07,RHM.DE,Rheinmetall,Defense technology,1735.5,-3.4223706176961577,6.3,2.15
2025-07,RWE.DE,RWE,Energy,35.90999984741211,1.354782777594865,6.3,2.15
2025-07,SAP.DE,SAP,Software,250.8000030517578,-2.84717839182822,6.3,2.15
2025-07,G24.DE,Scout24,Online marketplaces,117.4000015258789,0.2561938989470658,6.3,2.15
2025-07,SIE.DE,Siemens,Electrical engineering,224.89999389648438,3.3310361604917516,6.3,2.15
2025-07,ENR.DE,Siemens Energy,Energy technology,102.0,4.0179507847244,6.3,2.15
2025-07,SHL.DE,Siemens Healthineers,Hospitals,47.29999923706055,0.5099826960603071,6.3,2.15
2025-07,SY1.DE,Symrise,Consumer goods,79.5,-10.814448570400037,6.3,2.15
2025-07,VOW3.DE,Volkswagen,Automotive industry,92.12000274658203,2.789555817208833,6.3,2.15
2025-07,VNA.DE,Vonovia,Real estate,27.280000686645508,-8.793043043074956,6.3,2.15
2025-07,ZAL.DE,Zalando,Fashion,25.719999313354492,-7.97853806337584,6.3,2.15
2025-08,ADS.DE,Adidas,Sporting goods,166.35000610351562,-1.0116018550256123,6.4,2.15
2025-08,AIR.PA,Airbus,Aerospace,179.05999755859375,1.7155216925919037,6.4,2.15
2025-08,ALV.DE,Allianz,Insurance,361.20001220703125,4.032257922747995,6.4,2.15
2025-08,BAS.DE,BASF,Chemicals & Pharmaceuticals,45.36000061035156,5.097314111949336,6.4,2.15
2025-08,BAYN.DE,Bayer,Chemicals & Pharmaceuticals,28.059999465942383,2.595974678500168,6.4,2.15
2025-08,BEI.DE,Beiersdorf,Consumer goods,98.23999786376953,-9.871561592871991,6.4,2.15
2025-08,BMW.DE,BMW,Automotive industry,89.45999908447266,6.652362915793142,6.4,2.15
2025-08,BNR.DE,Brenntag,Chemicals & Pharmaceuticals,53.68000030517578,-1.5768254417222072,6.4,2.15
2025-08,CBK.DE,Commerzbank,Banks,32.349998474121094,0.9675329267656796,6.4,2.15
2025-08,CON.DE,Continental,Automotive industry,75.0,-0.2659533994128216,6.4,2.15
2025-08,DTG.DE,Daimler Truck,Automotive industry,40.16999816894531,-6.210608331519351,6.4,2.15
2025-08,DBK.DE,Deutsche Bank,Banks,30.030000686645508,3.6053132802789767,6.4,2.15
2025-08,DB1.DE,Deutsche Börse,Stock exchange,253.6999969482422,-0.15742193847507746,6.4,2.15
2025-08,DHL.DE,Deutsche Post,Logistics,38.880001068115234,-1.4448661186331146,6.4,2.15
2025-08,DTE.DE,Deutsche Telekom,Telecommunications,31.3799991607666,-0.3176632240275534,6.4,2.15
2025-08,EOAN.DE,E.ON,Energy,15.244999885559082,-4.450015929439455,6.4,2.15
2025-08,FRE.DE,Fresenius,Medical technology,46.40999984741211,10.552644958270507,6.4,2.15
2025-08,FME.DE,Fresenius Medical Care,Hospitals,43.790000915527344,-1.5512559213355925,6.4,2.15
2025-08,G1A.DE,GEA Group,Mechanical engineering,63.0,-0.1584761910289223,6.4,2.15
2025-08,HNR1.DE,Hannover Rück,Insurance,248.8000030517578,-6.606603321306914,6.4,2.15
2025-08,HEI.DE,Heidelberg Materials,Building materials,202.5,0.0,6.4,2.15
2025-08,HEN3.DE,Henkel,Consumer goods,72.22000122070312,6.8659355784690845,6.4,2.15
2025-08,IFX.DE,Infineon,Semiconductors,34.959999084472656,0.9383594014422014,6.4,2.15
2025-08,MBG.DE,Mercedes-Benz Group,Automotive industry,53.349998474121094,6.487026145676977,6.4,2.15
2025-08,MRK.DE,Merck,Chemicals & Pharmaceuticals,108.30000305175781,-1.8132365772116188,6.4,2.15
2025-08,MTX.DE,MTU Aero Engines,Aerospace,381.0,0.7403457701201877,6.4,2.15
2025-08,MUV2.DE,Münchener Rück,Insurance,544.5999755859375,-5.385684731560881,6.4,2.15
2025-08,PAH3.DE,Porsche Automobil Holding,Holding company,36.66999816894531,3.79280008050491,6.4,2.15
2025-08,QIA.DE,Qiagen,Biotechnology,39.709999084472656,-9.337900054407333,6.4,2.15
2025-08,RHM.DE,Rheinmetall,Defense technology,1637.5,-5.646787669259579,6.4,2.15
2025-08,RWE.DE,RWE,Energy,34.2400016784668,-4.65051009758125,6.4,2.15
2025-08,SAP.DE,SAP,Software,231.6999969482422,-7.615632325001986,6.4,2.15
2025-08,G24.DE,Scout24,Online marketplaces,110.69999694824219,-5.70698849280663,6.4,2.15
2025-08,SIE.DE,Siemens,Electrical engineering,236.60000610351562,5.202317707672521,6.4,2.15
2025-08,ENR.DE,Siemens Energy,Energy technology,90.72000122070312,-11.058822332643992,6.4,2.15
2025-08,SHL.DE,Siemens Healthineers,Hospitals,47.369998931884766,0.14799090053552177,6.4,2.15
2025-08,SY1.DE,Symrise,Consumer goods,82.77999877929688,4.125784628046381,6.4,2.15
2025-08,VOW3.DE,Volkswagen,Automotive industry,100.25,8.825441826986502,6.4,2.15
2025-08,VNA.DE,Vonovia,Real estate,27.93000030517578,2.382696488891467,6.4,2.15
2025-08,ZAL.DE,Zalando,Fashion,24.270000457763672,-5.637631781887109,6.4,2.15
2025-09,ADS.DE,Adidas,Sporting goods,181.10000610351562,8.86684668398594,6.3,2.15
2025-09,AIR.PA,Airbus,Aerospace,195.77999877929688,9.337652992669021,6.3,2.15
2025-09,ALV.DE,Allianz,Insurance,356.3999938964844,-1.3289086789387006,6.3,2.15
2025-09,BAS.DE,BASF,Chemicals & Pharmaceuticals,42.59000015258789,-6.106702867044344,6.3,2.15
2025-09,BAYN.DE,Bayer,Chemicals & Pharmaceuticals,27.71500015258789,-1.2295057730604464,6.3,2.15
2025-09,BEI.DE,Beiersdorf,Consumer goods,88.4800033569336,-9.934848044653076,6.3,2.15
2025-09,BMW.DE,BMW,Automotive industry,85.55999755859375,-4.359492025252909,6.3,2.15
2025-09,BNR.DE,Brenntag,Chemicals & Pharmaceuticals,50.2400016784668,-6.408343157884266,6.3,2.15
2025-09,CBK.DE,Commerzbank,Banks,31.8799991607666,-1.452857296826382,6.3,2.15
2025-09,CON.DE,Continental,Automotive industry,56.400001525878906,-24.79999796549479,6.3,2.15
2025-09,DTG.DE,Daimler Truck,Automotive industry,35.689998626708984,-11.15260081266255,6.3,2.15
2025-09,DBK.DE,Deutsche Bank,Banks,30.030000686645508,0.0,6.3,2.15
2025-09,DB1.DE,Deutsche Börse,Stock exchange,226.3000030517578,-10.800155390649968,6.3,2.15
2025-09,DHL.DE,Deutsche Post,Logistics,38.02000045776367,-2.211935665446352,6.3,2.15
2025-09,DTE.DE,Deutsche Telekom,Telecommunications,28.780000686645508,-8.28552754511156,6.3,2.15
2025-09,EOAN.DE,E.ON,Energy,16.0049991607666,4.9852363457702165,6.3,2.15
2025-09,FRE.DE,Fresenius,Medical technology,46.470001220703125,0.12928544168990808,6.3,2.15
2025-09,FME.DE,Fresenius Medical Care,Hospitals,43.91999816894531,0.29686515345990205,6.3,2.15
2025-09,G1A.DE,GEA Group,Mechanical engineering,61.599998474121094,-2.2222246442522353,6.3,2.15
2025-09,HNR1.DE,Hannover Rück,Insurance,254.39999389648438,2.2508001511405196,6.3,2.15
2025-09,HEI.DE,Heidelberg Materials,Building materials,188.8000030517578,-6.765430591724542,6.3,2.15
2025-09,HEN3.DE,Henkel,Consumer goods,68.86000061035156,-4.65245161113118,6.3,2.15
2025-09,IFX.DE,Infineon,Semiconductors,33.040000915527344,-5.4919857529346245,6.3,2.15
2025-09,MBG.DE,Mercedes-Benz Group,Automotive industry,53.88999938964844,1.0121854376233808,6.3,2.15
2025-09,MRK.DE,Merck,Chemicals & Pharmaceuticals,107.30000305175781,-0.923361008145207,6.3,2.15
2025-09,MTX.DE,MTU Aero Engines,Aerospace,373.79998779296875,-1.8897669834727737,6.3,2.15
2025-09,MUV2.DE,Münchener Rück,Insurance,544.2000122070312,-0.0734416813875094,6.3,2.15
2025-09,PAH3.DE,Porsche Automobil Holding,Holding company,33.47999954223633,-8.6992058521849,6.3,2.15
2025-09,QIA.DE,Qiagen,Biotechnology,37.619998931884766,-5.263158400336298,6.3,2.15
2025-09,RHM.DE,Rheinmetall,Defense technology,1988.5,21.435114503816788,6.3,2.15
2025-09,RWE.DE,RWE,Energy,37.779998779296875,10.338776072713651,6.3,2.15
2025-09,SAP.DE,SAP,Software,225.5500030517578,-2.6542917468653116,6.3,2.15
2025-09,G24.DE,Scout24,Online marketplaces,104.4000015258789,-5.691052932285845,6.3,2.15
2025-09,SIE.DE,Siemens,Electrical engineering,226.1999969482422,-4.395608151727304,6.3,2.15
2025-09,ENR.DE,Siemens Energy,Energy technology,99.0999984741211,9.237210252049222,6.3,2.15
2025-09,SHL.DE,Siemens Healthineers,Hospitals,45.599998474121094,-3.7365431658734627,6.3,2.15
2025-09,SY1.DE,Symrise,Consumer goods,73.54000091552734,-11.162114037238224,6.3,2.15
2025-09,VOW3.DE,Volkswagen,Automotive industry,91.76000213623047,-8.46882579927135,6.3,2.15
2025-09,VNA.DE,Vonovia,Real estate,26.270000457763672,-5.943429392317235,6.3,2.15
2025-09,ZAL.DE,Zalando,Fashion,26.219999313354492,8.034605763540647,6.3,2.15
